"cell_line","treatment","treatment_duration__hrs","concentration","cell_count","division_time"
"lineA","-",0,0,294,34
"lineA","-",0,0,318,34
"lineA","-",0,0,287,34
"lineA","-",0,0,296,34
"lineA","-",0,0,291,34
"lineA","-",0,0,286,34
"lineA","-",0,0,319,34
"lineA","-",0,0,304,34
"lineA","-",0,0,285,34
"lineA","-",0,0,319,34
"lineA","-",0,0,319,34
"lineA","-",0,0,325,34
"lineA","-",0,0,287,34
"lineA","-",0,0,300,34
"lineA","-",0,0,284,34
"lineA","-",0,0,313,34
"lineA","-",0,0,281,34
"lineA","-",0,0,316,34
"lineA","-",0,0,294,34
"lineA","-",0,0,300,34
"lineA","-",48,0,1201,34
"lineA","-",48,0,1196,34
"lineA","-",48,0,1184,34
"lineA","-",48,0,1210,34
"lineA","-",48,0,1258,34
"lineA","-",48,0,1246,34
"lineA","-",48,0,1227,34
"lineA","-",48,0,1212,34
"lineA","drugA",48,0.001,1131,34
"lineA","drugA",48,0.003162,1205,34
"lineA","drugA",48,0.01,1021,34
"lineA","drugA",48,0.03162,743,34
"lineA","drugA",48,0.1,459,34
"lineA","drugA",48,0.3162,318,34
"lineA","drugA",48,1,284,34
"lineA","drugA",48,3.162,274,34
"lineA","drugA",48,10,249,34
"lineA","drugB",48,0.001,1088,34
"lineA","drugB",48,0.003162,1215,34
"lineA","drugB",48,0.01,1227,34
"lineA","drugB",48,0.03162,1075,34
"lineA","drugB",48,0.1,1125,34
"lineA","drugB",48,0.3162,967,34
"lineA","drugB",48,1,766,34
"lineA","drugB",48,3.162,531,34
"lineA","drugB",48,10,322,34
"lineA","drugC",48,0.001,1118,34
"lineA","drugC",48,0.003162,1187,34
"lineA","drugC",48,0.01,1199,34
"lineA","drugC",48,0.03162,1257,34
"lineA","drugC",48,0.1,1087,34
"lineA","drugC",48,0.3162,1049,34
"lineA","drugC",48,1,793,34
"lineA","drugC",48,3.162,488,34
"lineA","drugC",48,10,409,34
"lineA","drugD",48,0.001,1172,34
"lineA","drugD",48,0.003162,1146,34
"lineA","drugD",48,0.01,1115,34
"lineA","drugD",48,0.03162,971,34
"lineA","drugD",48,0.1,817,34
"lineA","drugD",48,0.3162,656,34
"lineA","drugD",48,1,651,34
"lineA","drugD",48,3.162,616,34
"lineA","drugD",48,10,577,34
"lineA","-",48,0,1189,34
"lineA","-",48,0,1089,34
"lineA","-",48,0,1156,34
"lineA","-",48,0,1089,34
"lineA","-",48,0,1152,34
"lineA","-",48,0,1176,34
"lineA","-",48,0,1308,34
"lineA","-",48,0,1265,34
"lineA","drugA",48,0.001,1301,34
"lineA","drugA",48,0.003162,1038,34
"lineA","drugA",48,0.01,928,34
"lineA","drugA",48,0.03162,706,34
"lineA","drugA",48,0.1,479,34
"lineA","drugA",48,0.3162,342,34
"lineA","drugA",48,1,294,34
"lineA","drugA",48,3.162,264,34
"lineA","drugA",48,10,288,34
"lineA","drugB",48,0.001,1114,34
"lineA","drugB",48,0.003162,1154,34
"lineA","drugB",48,0.01,1239,34
"lineA","drugB",48,0.03162,1189,34
"lineA","drugB",48,0.1,1086,34
"lineA","drugB",48,0.3162,1111,34
"lineA","drugB",48,1,852,34
"lineA","drugB",48,3.162,469,34
"lineA","drugB",48,10,339,34
"lineA","drugC",48,0.001,1135,34
"lineA","drugC",48,0.003162,1284,34
"lineA","drugC",48,0.01,1150,34
"lineA","drugC",48,0.03162,1094,34
"lineA","drugC",48,0.1,1255,34
"lineA","drugC",48,0.3162,1107,34
"lineA","drugC",48,1,695,34
"lineA","drugC",48,3.162,487,34
"lineA","drugC",48,10,441,34
"lineA","drugD",48,0.001,1177,34
"lineA","drugD",48,0.003162,1119,34
"lineA","drugD",48,0.01,1235,34
"lineA","drugD",48,0.03162,1017,34
"lineA","drugD",48,0.1,763,34
"lineA","drugD",48,0.3162,608,34
"lineA","drugD",48,1,663,34
"lineA","drugD",48,3.162,636,34
"lineA","drugD",48,10,652,34
"lineA","-",72,0,2336,34
"lineA","-",72,0,2178,34
"lineA","-",72,0,2511,34
"lineA","-",72,0,2321,34
"lineA","-",72,0,2436,34
"lineA","-",72,0,2339,34
"lineA","-",72,0,2407,34
"lineA","-",72,0,2178,34
"lineA","drugA",72,0.001,2158,34
"lineA","drugA",72,0.003162,2258,34
"lineA","drugA",72,0.01,1851,34
"lineA","drugA",72,0.03162,1373,34
"lineA","drugA",72,0.1,723,34
"lineA","drugA",72,0.3162,358,34
"lineA","drugA",72,1,301,34
"lineA","drugA",72,3.162,286,34
"lineA","drugA",72,10,258,34
"lineA","drugB",72,0.001,2378,34
"lineA","drugB",72,0.003162,2525,34
"lineA","drugB",72,0.01,2330,34
"lineA","drugB",72,0.03162,2378,34
"lineA","drugB",72,0.1,2394,34
"lineA","drugB",72,0.3162,1992,34
"lineA","drugB",72,1,1524,34
"lineA","drugB",72,3.162,857,34
"lineA","drugB",72,10,434,34
"lineA","drugC",72,0.001,2292,34
"lineA","drugC",72,0.003162,2508,34
"lineA","drugC",72,0.01,2343,34
"lineA","drugC",72,0.03162,2407,34
"lineA","drugC",72,0.1,2445,34
"lineA","drugC",72,0.3162,2426,34
"lineA","drugC",72,1,1277,34
"lineA","drugC",72,3.162,587,34
"lineA","drugC",72,10,519,34
"lineA","drugD",72,0.001,2264,34
"lineA","drugD",72,0.003162,2409,34
"lineA","drugD",72,0.01,2458,34
"lineA","drugD",72,0.03162,2260,34
"lineA","drugD",72,0.1,1269,34
"lineA","drugD",72,0.3162,1002,34
"lineA","drugD",72,1,862,34
"lineA","drugD",72,3.162,837,34
"lineA","drugD",72,10,935,34
"lineA","-",72,0,2331,34
"lineA","-",72,0,2178,34
"lineA","-",72,0,2566,34
"lineA","-",72,0,2505,34
"lineA","-",72,0,2246,34
"lineA","-",72,0,2552,34
"lineA","-",72,0,2505,34
"lineA","-",72,0,2293,34
"lineA","drugA",72,0.001,2396,34
"lineA","drugA",72,0.003162,2162,34
"lineA","drugA",72,0.01,1799,34
"lineA","drugA",72,0.03162,1329,34
"lineA","drugA",72,0.1,713,34
"lineA","drugA",72,0.3162,397,34
"lineA","drugA",72,1,274,34
"lineA","drugA",72,3.162,247,34
"lineA","drugA",72,10,235,34
"lineA","drugB",72,0.001,2381,34
"lineA","drugB",72,0.003162,2521,34
"lineA","drugB",72,0.01,2350,34
"lineA","drugB",72,0.03162,2592,34
"lineA","drugB",72,0.1,2127,34
"lineA","drugB",72,0.3162,2037,34
"lineA","drugB",72,1,1492,34
"lineA","drugB",72,3.162,852,34
"lineA","drugB",72,10,435,34
"lineA","drugC",72,0.001,2329,34
"lineA","drugC",72,0.003162,2579,34
"lineA","drugC",72,0.01,2391,34
"lineA","drugC",72,0.03162,2364,34
"lineA","drugC",72,0.1,2560,34
"lineA","drugC",72,0.3162,2422,34
"lineA","drugC",72,1,1442,34
"lineA","drugC",72,3.162,620,34
"lineA","drugC",72,10,520,34
"lineA","drugD",72,0.001,2447,34
"lineA","drugD",72,0.003162,2350,34
"lineA","drugD",72,0.01,2209,34
"lineA","drugD",72,0.03162,2113,34
"lineA","drugD",72,0.1,1322,34
"lineA","drugD",72,0.3162,997,34
"lineA","drugD",72,1,923,34
"lineA","drugD",72,3.162,926,34
"lineA","drugD",72,10,959,34
"lineA","-",0,0,294,34
"lineA","-",0,0,330,34
"lineA","-",0,0,301,34
"lineA","-",0,0,316,34
"lineA","-",0,0,299,34
"lineA","-",0,0,301,34
"lineA","-",0,0,296,34
"lineA","-",0,0,304,34
"lineA","-",0,0,303,34
"lineA","-",0,0,308,34
"lineA","-",0,0,312,34
"lineA","-",0,0,290,34
"lineA","-",0,0,313,34
"lineA","-",0,0,300,34
"lineA","-",0,0,301,34
"lineA","-",0,0,275,34
"lineA","-",0,0,329,34
"lineA","-",0,0,284,34
"lineA","-",0,0,284,34
"lineA","-",0,0,314,34
"lineA","-",48,0,877,34
"lineA","-",48,0,810,34
"lineA","-",48,0,778,34
"lineA","-",48,0,822,34
"lineA","-",48,0,808,34
"lineA","-",48,0,856,34
"lineA","-",48,0,807,34
"lineA","-",48,0,800,34
"lineA","drugA",48,0.001,717,34
"lineA","drugA",48,0.003162,730,34
"lineA","drugA",48,0.01,639,34
"lineA","drugA",48,0.03162,555,34
"lineA","drugA",48,0.1,364,34
"lineA","drugA",48,0.3162,310,34
"lineA","drugA",48,1,308,34
"lineA","drugA",48,3.162,306,34
"lineA","drugA",48,10,255,34
"lineA","drugB",48,0.001,725,34
"lineA","drugB",48,0.003162,751,34
"lineA","drugB",48,0.01,794,34
"lineA","drugB",48,0.03162,759,34
"lineA","drugB",48,0.1,805,34
"lineA","drugB",48,0.3162,709,34
"lineA","drugB",48,1,587,34
"lineA","drugB",48,3.162,447,34
"lineA","drugB",48,10,300,34
"lineA","drugC",48,0.001,865,34
"lineA","drugC",48,0.003162,740,34
"lineA","drugC",48,0.01,818,34
"lineA","drugC",48,0.03162,725,34
"lineA","drugC",48,0.1,748,34
"lineA","drugC",48,0.3162,729,34
"lineA","drugC",48,1,557,34
"lineA","drugC",48,3.162,428,34
"lineA","drugC",48,10,436,34
"lineA","drugD",48,0.001,816,34
"lineA","drugD",48,0.003162,809,34
"lineA","drugD",48,0.01,797,34
"lineA","drugD",48,0.03162,747,34
"lineA","drugD",48,0.1,592,34
"lineA","drugD",48,0.3162,510,34
"lineA","drugD",48,1,500,34
"lineA","drugD",48,3.162,545,34
"lineA","drugD",48,10,547,34
"lineA","-",48,0,838,34
"lineA","-",48,0,730,34
"lineA","-",48,0,793,34
"lineA","-",48,0,773,34
"lineA","-",48,0,799,34
"lineA","-",48,0,820,34
"lineA","-",48,0,746,34
"lineA","-",48,0,821,34
"lineA","drugA",48,0.001,766,34
"lineA","drugA",48,0.003162,729,34
"lineA","drugA",48,0.01,679,34
"lineA","drugA",48,0.03162,545,34
"lineA","drugA",48,0.1,394,34
"lineA","drugA",48,0.3162,340,34
"lineA","drugA",48,1,295,34
"lineA","drugA",48,3.162,291,34
"lineA","drugA",48,10,265,34
"lineA","drugB",48,0.001,799,34
"lineA","drugB",48,0.003162,772,34
"lineA","drugB",48,0.01,810,34
"lineA","drugB",48,0.03162,767,34
"lineA","drugB",48,0.1,720,34
"lineA","drugB",48,0.3162,703,34
"lineA","drugB",48,1,559,34
"lineA","drugB",48,3.162,403,34
"lineA","drugB",48,10,288,34
"lineA","drugC",48,0.001,863,34
"lineA","drugC",48,0.003162,824,34
"lineA","drugC",48,0.01,785,34
"lineA","drugC",48,0.03162,771,34
"lineA","drugC",48,0.1,826,34
"lineA","drugC",48,0.3162,808,34
"lineA","drugC",48,1,553,34
"lineA","drugC",48,3.162,409,34
"lineA","drugC",48,10,376,34
"lineA","drugD",48,0.001,816,34
"lineA","drugD",48,0.003162,864,34
"lineA","drugD",48,0.01,737,34
"lineA","drugD",48,0.03162,804,34
"lineA","drugD",48,0.1,624,34
"lineA","drugD",48,0.3162,547,34
"lineA","drugD",48,1,522,34
"lineA","drugD",48,3.162,554,34
"lineA","drugD",48,10,458,34
"lineA","-",72,0,1357,34
"lineA","-",72,0,1293,34
"lineA","-",72,0,1305,34
"lineA","-",72,0,1368,34
"lineA","-",72,0,1246,34
"lineA","-",72,0,1235,34
"lineA","-",72,0,1410,34
"lineA","-",72,0,1313,34
"lineA","drugA",72,0.001,1285,34
"lineA","drugA",72,0.003162,1208,34
"lineA","drugA",72,0.01,1065,34
"lineA","drugA",72,0.03162,788,34
"lineA","drugA",72,0.1,528,34
"lineA","drugA",72,0.3162,304,34
"lineA","drugA",72,1,286,34
"lineA","drugA",72,3.162,246,34
"lineA","drugA",72,10,294,34
"lineA","drugB",72,0.001,1357,34
"lineA","drugB",72,0.003162,1274,34
"lineA","drugB",72,0.01,1234,34
"lineA","drugB",72,0.03162,1273,34
"lineA","drugB",72,0.1,1228,34
"lineA","drugB",72,0.3162,1088,34
"lineA","drugB",72,1,864,34
"lineA","drugB",72,3.162,545,34
"lineA","drugB",72,10,352,34
"lineA","drugC",72,0.001,1355,34
"lineA","drugC",72,0.003162,1343,34
"lineA","drugC",72,0.01,1249,34
"lineA","drugC",72,0.03162,1255,34
"lineA","drugC",72,0.1,1305,34
"lineA","drugC",72,0.3162,1257,34
"lineA","drugC",72,1,831,34
"lineA","drugC",72,3.162,467,34
"lineA","drugC",72,10,449,34
"lineA","drugD",72,0.001,1317,34
"lineA","drugD",72,0.003162,1256,34
"lineA","drugD",72,0.01,1229,34
"lineA","drugD",72,0.03162,1046,34
"lineA","drugD",72,0.1,794,34
"lineA","drugD",72,0.3162,641,34
"lineA","drugD",72,1,656,34
"lineA","drugD",72,3.162,660,34
"lineA","drugD",72,10,679,34
"lineA","-",72,0,1294,34
"lineA","-",72,0,1239,34
"lineA","-",72,0,1268,34
"lineA","-",72,0,1345,34
"lineA","-",72,0,1210,34
"lineA","-",72,0,1284,34
"lineA","-",72,0,1218,34
"lineA","-",72,0,1305,34
"lineA","drugA",72,0.001,1213,34
"lineA","drugA",72,0.003162,1158,34
"lineA","drugA",72,0.01,1063,34
"lineA","drugA",72,0.03162,770,34
"lineA","drugA",72,0.1,463,34
"lineA","drugA",72,0.3162,343,34
"lineA","drugA",72,1,268,34
"lineA","drugA",72,3.162,283,34
"lineA","drugA",72,10,259,34
"lineA","drugB",72,0.001,1273,34
"lineA","drugB",72,0.003162,1240,34
"lineA","drugB",72,0.01,1191,34
"lineA","drugB",72,0.03162,1327,34
"lineA","drugB",72,0.1,1259,34
"lineA","drugB",72,0.3162,1046,34
"lineA","drugB",72,1,905,34
"lineA","drugB",72,3.162,520,34
"lineA","drugB",72,10,328,34
"lineA","drugC",72,0.001,1251,34
"lineA","drugC",72,0.003162,1298,34
"lineA","drugC",72,0.01,1274,34
"lineA","drugC",72,0.03162,1178,34
"lineA","drugC",72,0.1,1314,34
"lineA","drugC",72,0.3162,1185,34
"lineA","drugC",72,1,798,34
"lineA","drugC",72,3.162,432,34
"lineA","drugC",72,10,455,34
"lineA","drugD",72,0.001,1323,34
"lineA","drugD",72,0.003162,1295,34
"lineA","drugD",72,0.01,1350,34
"lineA","drugD",72,0.03162,1232,34
"lineA","drugD",72,0.1,893,34
"lineA","drugD",72,0.3162,710,34
"lineA","drugD",72,1,674,34
"lineA","drugD",72,3.162,648,34
"lineA","drugD",72,10,648,34
"lineB","-",0,0,422,51
"lineB","-",0,0,405,51
"lineB","-",0,0,435,51
"lineB","-",0,0,403,51
"lineB","-",0,0,406,51
"lineB","-",0,0,421,51
"lineB","-",0,0,392,51
"lineB","-",0,0,423,51
"lineB","-",0,0,381,51
"lineB","-",0,0,370,51
"lineB","-",0,0,384,51
"lineB","-",0,0,428,51
"lineB","-",0,0,406,51
"lineB","-",0,0,400,51
"lineB","-",0,0,387,51
"lineB","-",0,0,430,51
"lineB","-",0,0,407,51
"lineB","-",0,0,432,51
"lineB","-",0,0,409,51
"lineB","-",0,0,426,51
"lineB","-",48,0,923,51
"lineB","-",48,0,933,51
"lineB","-",48,0,869,51
"lineB","-",48,0,951,51
"lineB","-",48,0,968,51
"lineB","-",48,0,925,51
"lineB","-",48,0,950,51
"lineB","-",48,0,900,51
"lineB","drugA",48,0.001,951,51
"lineB","drugA",48,0.003162,987,51
"lineB","drugA",48,0.01,904,51
"lineB","drugA",48,0.03162,833,51
"lineB","drugA",48,0.1,631,51
"lineB","drugA",48,0.3162,561,51
"lineB","drugA",48,1,486,51
"lineB","drugA",48,3.162,476,51
"lineB","drugA",48,10,533,51
"lineB","drugB",48,0.001,945,51
"lineB","drugB",48,0.003162,924,51
"lineB","drugB",48,0.01,946,51
"lineB","drugB",48,0.03162,926,51
"lineB","drugB",48,0.1,804,51
"lineB","drugB",48,0.3162,499,51
"lineB","drugB",48,1,176,51
"lineB","drugB",48,3.162,90,51
"lineB","drugB",48,10,68,51
"lineB","drugC",48,0.001,915,51
"lineB","drugC",48,0.003162,916,51
"lineB","drugC",48,0.01,962,51
"lineB","drugC",48,0.03162,902,51
"lineB","drugC",48,0.1,586,51
"lineB","drugC",48,0.3162,69,51
"lineB","drugC",48,1,35,51
"lineB","drugC",48,3.162,33,51
"lineB","drugC",48,10,35,51
"lineB","drugD",48,0.001,976,51
"lineB","drugD",48,0.003162,904,51
"lineB","drugD",48,0.01,998,51
"lineB","drugD",48,0.03162,914,51
"lineB","drugD",48,0.1,927,51
"lineB","drugD",48,0.3162,803,51
"lineB","drugD",48,1,765,51
"lineB","drugD",48,3.162,707,51
"lineB","drugD",48,10,646,51
"lineB","-",48,0,974,51
"lineB","-",48,0,920,51
"lineB","-",48,0,931,51
"lineB","-",48,0,856,51
"lineB","-",48,0,986,51
"lineB","-",48,0,1036,51
"lineB","-",48,0,969,51
"lineB","-",48,0,916,51
"lineB","drugA",48,0.001,917,51
"lineB","drugA",48,0.003162,946,51
"lineB","drugA",48,0.01,985,51
"lineB","drugA",48,0.03162,776,51
"lineB","drugA",48,0.1,642,51
"lineB","drugA",48,0.3162,475,51
"lineB","drugA",48,1,505,51
"lineB","drugA",48,3.162,489,51
"lineB","drugA",48,10,485,51
"lineB","drugB",48,0.001,957,51
"lineB","drugB",48,0.003162,1016,51
"lineB","drugB",48,0.01,885,51
"lineB","drugB",48,0.03162,870,51
"lineB","drugB",48,0.1,775,51
"lineB","drugB",48,0.3162,433,51
"lineB","drugB",48,1,177,51
"lineB","drugB",48,3.162,84,51
"lineB","drugB",48,10,68,51
"lineB","drugC",48,0.001,904,51
"lineB","drugC",48,0.003162,873,51
"lineB","drugC",48,0.01,969,51
"lineB","drugC",48,0.03162,881,51
"lineB","drugC",48,0.1,550,51
"lineB","drugC",48,0.3162,74,51
"lineB","drugC",48,1,35,51
"lineB","drugC",48,3.162,31,51
"lineB","drugC",48,10,31,51
"lineB","drugD",48,0.001,921,51
"lineB","drugD",48,0.003162,937,51
"lineB","drugD",48,0.01,951,51
"lineB","drugD",48,0.03162,879,51
"lineB","drugD",48,0.1,875,51
"lineB","drugD",48,0.3162,888,51
"lineB","drugD",48,1,691,51
"lineB","drugD",48,3.162,756,51
"lineB","drugD",48,10,735,51
"lineB","-",72,0,1493,51
"lineB","-",72,0,1310,51
"lineB","-",72,0,1484,51
"lineB","-",72,0,1557,51
"lineB","-",72,0,1559,51
"lineB","-",72,0,1495,51
"lineB","-",72,0,1457,51
"lineB","-",72,0,1348,51
"lineB","drugA",72,0.001,1471,51
"lineB","drugA",72,0.003162,1378,51
"lineB","drugA",72,0.01,1291,51
"lineB","drugA",72,0.03162,1207,51
"lineB","drugA",72,0.1,786,51
"lineB","drugA",72,0.3162,589,51
"lineB","drugA",72,1,514,51
"lineB","drugA",72,3.162,582,51
"lineB","drugA",72,10,557,51
"lineB","drugB",72,0.001,1523,51
"lineB","drugB",72,0.003162,1470,51
"lineB","drugB",72,0.01,1412,51
"lineB","drugB",72,0.03162,1428,51
"lineB","drugB",72,0.1,1264,51
"lineB","drugB",72,0.3162,656,51
"lineB","drugB",72,1,205,51
"lineB","drugB",72,3.162,58,51
"lineB","drugB",72,10,29,51
"lineB","drugC",72,0.001,1343,51
"lineB","drugC",72,0.003162,1355,51
"lineB","drugC",72,0.01,1441,51
"lineB","drugC",72,0.03162,1392,51
"lineB","drugC",72,0.1,804,51
"lineB","drugC",72,0.3162,64,51
"lineB","drugC",72,1,10,51
"lineB","drugC",72,3.162,7,51
"lineB","drugC",72,10,8,51
"lineB","drugD",72,0.001,1419,51
"lineB","drugD",72,0.003162,1500,51
"lineB","drugD",72,0.01,1422,51
"lineB","drugD",72,0.03162,1309,51
"lineB","drugD",72,0.1,1447,51
"lineB","drugD",72,0.3162,1170,51
"lineB","drugD",72,1,880,51
"lineB","drugD",72,3.162,878,51
"lineB","drugD",72,10,915,51
"lineB","-",72,0,1388,51
"lineB","-",72,0,1458,51
"lineB","-",72,0,1337,51
"lineB","-",72,0,1412,51
"lineB","-",72,0,1342,51
"lineB","-",72,0,1519,51
"lineB","-",72,0,1434,51
"lineB","-",72,0,1345,51
"lineB","drugA",72,0.001,1512,51
"lineB","drugA",72,0.003162,1553,51
"lineB","drugA",72,0.01,1293,51
"lineB","drugA",72,0.03162,1242,51
"lineB","drugA",72,0.1,731,51
"lineB","drugA",72,0.3162,597,51
"lineB","drugA",72,1,546,51
"lineB","drugA",72,3.162,569,51
"lineB","drugA",72,10,540,51
"lineB","drugB",72,0.001,1475,51
"lineB","drugB",72,0.003162,1447,51
"lineB","drugB",72,0.01,1344,51
"lineB","drugB",72,0.03162,1399,51
"lineB","drugB",72,0.1,1205,51
"lineB","drugB",72,0.3162,656,51
"lineB","drugB",72,1,226,51
"lineB","drugB",72,3.162,67,51
"lineB","drugB",72,10,32,51
"lineB","drugC",72,0.001,1428,51
"lineB","drugC",72,0.003162,1478,51
"lineB","drugC",72,0.01,1392,51
"lineB","drugC",72,0.03162,1418,51
"lineB","drugC",72,0.1,772,51
"lineB","drugC",72,0.3162,68,51
"lineB","drugC",72,1,13,51
"lineB","drugC",72,3.162,9,51
"lineB","drugC",72,10,9,51
"lineB","drugD",72,0.001,1570,51
"lineB","drugD",72,0.003162,1441,51
"lineB","drugD",72,0.01,1412,51
"lineB","drugD",72,0.03162,1431,51
"lineB","drugD",72,0.1,1342,51
"lineB","drugD",72,0.3162,1275,51
"lineB","drugD",72,1,950,51
"lineB","drugD",72,3.162,892,51
"lineB","drugD",72,10,915,51
"lineB","-",0,0,412,51
"lineB","-",0,0,410,51
"lineB","-",0,0,401,51
"lineB","-",0,0,377,51
"lineB","-",0,0,368,51
"lineB","-",0,0,409,51
"lineB","-",0,0,440,51
"lineB","-",0,0,426,51
"lineB","-",0,0,375,51
"lineB","-",0,0,390,51
"lineB","-",0,0,419,51
"lineB","-",0,0,363,51
"lineB","-",0,0,407,51
"lineB","-",0,0,430,51
"lineB","-",0,0,412,51
"lineB","-",0,0,422,51
"lineB","-",0,0,417,51
"lineB","-",0,0,381,51
"lineB","-",0,0,376,51
"lineB","-",0,0,414,51
"lineB","-",48,0,851,51
"lineB","-",48,0,840,51
"lineB","-",48,0,899,51
"lineB","-",48,0,893,51
"lineB","-",48,0,847,51
"lineB","-",48,0,877,51
"lineB","-",48,0,892,51
"lineB","-",48,0,864,51
"lineB","drugA",48,0.001,841,51
"lineB","drugA",48,0.003162,854,51
"lineB","drugA",48,0.01,794,51
"lineB","drugA",48,0.03162,747,51
"lineB","drugA",48,0.1,603,51
"lineB","drugA",48,0.3162,498,51
"lineB","drugA",48,1,470,51
"lineB","drugA",48,3.162,478,51
"lineB","drugA",48,10,486,51
"lineB","drugB",48,0.001,891,51
"lineB","drugB",48,0.003162,906,51
"lineB","drugB",48,0.01,907,51
"lineB","drugB",48,0.03162,812,51
"lineB","drugB",48,0.1,779,51
"lineB","drugB",48,0.3162,431,51
"lineB","drugB",48,1,188,51
"lineB","drugB",48,3.162,102,51
"lineB","drugB",48,10,73,51
"lineB","drugC",48,0.001,789,51
"lineB","drugC",48,0.003162,820,51
"lineB","drugC",48,0.01,828,51
"lineB","drugC",48,0.03162,915,51
"lineB","drugC",48,0.1,559,51
"lineB","drugC",48,0.3162,80,51
"lineB","drugC",48,1,40,51
"lineB","drugC",48,3.162,41,51
"lineB","drugC",48,10,39,51
"lineB","drugD",48,0.001,909,51
"lineB","drugD",48,0.003162,893,51
"lineB","drugD",48,0.01,866,51
"lineB","drugD",48,0.03162,856,51
"lineB","drugD",48,0.1,867,51
"lineB","drugD",48,0.3162,856,51
"lineB","drugD",48,1,714,51
"lineB","drugD",48,3.162,634,51
"lineB","drugD",48,10,605,51
"lineB","-",48,0,873,51
"lineB","-",48,0,795,51
"lineB","-",48,0,874,51
"lineB","-",48,0,820,51
"lineB","-",48,0,840,51
"lineB","-",48,0,904,51
"lineB","-",48,0,871,51
"lineB","-",48,0,895,51
"lineB","drugA",48,0.001,809,51
"lineB","drugA",48,0.003162,886,51
"lineB","drugA",48,0.01,813,51
"lineB","drugA",48,0.03162,748,51
"lineB","drugA",48,0.1,634,51
"lineB","drugA",48,0.3162,521,51
"lineB","drugA",48,1,485,51
"lineB","drugA",48,3.162,488,51
"lineB","drugA",48,10,465,51
"lineB","drugB",48,0.001,796,51
"lineB","drugB",48,0.003162,897,51
"lineB","drugB",48,0.01,890,51
"lineB","drugB",48,0.03162,805,51
"lineB","drugB",48,0.1,721,51
"lineB","drugB",48,0.3162,425,51
"lineB","drugB",48,1,199,51
"lineB","drugB",48,3.162,96,51
"lineB","drugB",48,10,84,51
"lineB","drugC",48,0.001,902,51
"lineB","drugC",48,0.003162,842,51
"lineB","drugC",48,0.01,890,51
"lineB","drugC",48,0.03162,853,51
"lineB","drugC",48,0.1,508,51
"lineB","drugC",48,0.3162,72,51
"lineB","drugC",48,1,43,51
"lineB","drugC",48,3.162,39,51
"lineB","drugC",48,10,40,51
"lineB","drugD",48,0.001,856,51
"lineB","drugD",48,0.003162,841,51
"lineB","drugD",48,0.01,872,51
"lineB","drugD",48,0.03162,795,51
"lineB","drugD",48,0.1,823,51
"lineB","drugD",48,0.3162,759,51
"lineB","drugD",48,1,627,51
"lineB","drugD",48,3.162,648,51
"lineB","drugD",48,10,670,51
"lineB","-",72,0,1259,51
"lineB","-",72,0,1163,51
"lineB","-",72,0,1206,51
"lineB","-",72,0,1155,51
"lineB","-",72,0,1258,51
"lineB","-",72,0,1183,51
"lineB","-",72,0,1313,51
"lineB","-",72,0,1239,51
"lineB","drugA",72,0.001,1396,51
"lineB","drugA",72,0.003162,1267,51
"lineB","drugA",72,0.01,1226,51
"lineB","drugA",72,0.03162,1152,51
"lineB","drugA",72,0.1,784,51
"lineB","drugA",72,0.3162,605,51
"lineB","drugA",72,1,517,51
"lineB","drugA",72,3.162,499,51
"lineB","drugA",72,10,519,51
"lineB","drugB",72,0.001,1241,51
"lineB","drugB",72,0.003162,1329,51
"lineB","drugB",72,0.01,1220,51
"lineB","drugB",72,0.03162,1161,51
"lineB","drugB",72,0.1,1060,51
"lineB","drugB",72,0.3162,610,51
"lineB","drugB",72,1,201,51
"lineB","drugB",72,3.162,62,51
"lineB","drugB",72,10,39,51
"lineB","drugC",72,0.001,1290,51
"lineB","drugC",72,0.003162,1326,51
"lineB","drugC",72,0.01,1196,51
"lineB","drugC",72,0.03162,1216,51
"lineB","drugC",72,0.1,732,51
"lineB","drugC",72,0.3162,67,51
"lineB","drugC",72,1,15,51
"lineB","drugC",72,3.162,13,51
"lineB","drugC",72,10,14,51
"lineB","drugD",72,0.001,1370,51
"lineB","drugD",72,0.003162,1206,51
"lineB","drugD",72,0.01,1268,51
"lineB","drugD",72,0.03162,1272,51
"lineB","drugD",72,0.1,1291,51
"lineB","drugD",72,0.3162,1107,51
"lineB","drugD",72,1,930,51
"lineB","drugD",72,3.162,790,51
"lineB","drugD",72,10,775,51
"lineB","-",72,0,1226,51
"lineB","-",72,0,1155,51
"lineB","-",72,0,1213,51
"lineB","-",72,0,1265,51
"lineB","-",72,0,1204,51
"lineB","-",72,0,1342,51
"lineB","-",72,0,1262,51
"lineB","-",72,0,1257,51
"lineB","drugA",72,0.001,1314,51
"lineB","drugA",72,0.003162,1387,51
"lineB","drugA",72,0.01,1263,51
"lineB","drugA",72,0.03162,1007,51
"lineB","drugA",72,0.1,789,51
"lineB","drugA",72,0.3162,587,51
"lineB","drugA",72,1,540,51
"lineB","drugA",72,3.162,522,51
"lineB","drugA",72,10,478,51
"lineB","drugB",72,0.001,1231,51
"lineB","drugB",72,0.003162,1249,51
"lineB","drugB",72,0.01,1223,51
"lineB","drugB",72,0.03162,1195,51
"lineB","drugB",72,0.1,1050,51
"lineB","drugB",72,0.3162,578,51
"lineB","drugB",72,1,199,51
"lineB","drugB",72,3.162,69,51
"lineB","drugB",72,10,39,51
"lineB","drugC",72,0.001,1189,51
"lineB","drugC",72,0.003162,1252,51
"lineB","drugC",72,0.01,1315,51
"lineB","drugC",72,0.03162,1187,51
"lineB","drugC",72,0.1,772,51
"lineB","drugC",72,0.3162,66,51
"lineB","drugC",72,1,15,51
"lineB","drugC",72,3.162,15,51
"lineB","drugC",72,10,14,51
"lineB","drugD",72,0.001,1222,51
"lineB","drugD",72,0.003162,1285,51
"lineB","drugD",72,0.01,1203,51
"lineB","drugD",72,0.03162,1320,51
"lineB","drugD",72,0.1,1253,51
"lineB","drugD",72,0.3162,1149,51
"lineB","drugD",72,1,879,51
"lineB","drugD",72,3.162,849,51
"lineB","drugD",72,10,784,51
"lineC","-",0,0,481,57
"lineC","-",0,0,479,57
"lineC","-",0,0,505,57
"lineC","-",0,0,521,57
"lineC","-",0,0,482,57
"lineC","-",0,0,455,57
"lineC","-",0,0,467,57
"lineC","-",0,0,509,57
"lineC","-",0,0,502,57
"lineC","-",0,0,476,57
"lineC","-",0,0,513,57
"lineC","-",0,0,480,57
"lineC","-",0,0,497,57
"lineC","-",0,0,541,57
"lineC","-",0,0,474,57
"lineC","-",0,0,508,57
"lineC","-",0,0,513,57
"lineC","-",0,0,485,57
"lineC","-",0,0,470,57
"lineC","-",0,0,526,57
"lineC","-",48,0,1185,57
"lineC","-",48,0,1178,57
"lineC","-",48,0,1146,57
"lineC","-",48,0,1124,57
"lineC","-",48,0,1175,57
"lineC","-",48,0,1098,57
"lineC","-",48,0,1045,57
"lineC","-",48,0,1095,57
"lineC","drugA",48,0.001,1079,57
"lineC","drugA",48,0.003162,1033,57
"lineC","drugA",48,0.01,1006,57
"lineC","drugA",48,0.03162,1009,57
"lineC","drugA",48,0.1,768,57
"lineC","drugA",48,0.3162,569,57
"lineC","drugA",48,1,522,57
"lineC","drugA",48,3.162,489,57
"lineC","drugA",48,10,508,57
"lineC","drugB",48,0.001,1049,57
"lineC","drugB",48,0.003162,1102,57
"lineC","drugB",48,0.01,1135,57
"lineC","drugB",48,0.03162,1145,57
"lineC","drugB",48,0.1,1105,57
"lineC","drugB",48,0.3162,1020,57
"lineC","drugB",48,1,1088,57
"lineC","drugB",48,3.162,1105,57
"lineC","drugB",48,10,1061,57
"lineC","drugC",48,0.001,1144,57
"lineC","drugC",48,0.003162,1091,57
"lineC","drugC",48,0.01,1104,57
"lineC","drugC",48,0.03162,1081,57
"lineC","drugC",48,0.1,967,57
"lineC","drugC",48,0.3162,760,57
"lineC","drugC",48,1,401,57
"lineC","drugC",48,3.162,185,57
"lineC","drugC",48,10,114,57
"lineC","drugD",48,0.001,1227,57
"lineC","drugD",48,0.003162,1040,57
"lineC","drugD",48,0.01,965,57
"lineC","drugD",48,0.03162,728,57
"lineC","drugD",48,0.1,628,57
"lineC","drugD",48,0.3162,475,57
"lineC","drugD",48,1,472,57
"lineC","drugD",48,3.162,446,57
"lineC","drugD",48,10,439,57
"lineC","-",48,0,1212,57
"lineC","-",48,0,1201,57
"lineC","-",48,0,1096,57
"lineC","-",48,0,1094,57
"lineC","-",48,0,1245,57
"lineC","-",48,0,1195,57
"lineC","-",48,0,1206,57
"lineC","-",48,0,1178,57
"lineC","drugA",48,0.001,1045,57
"lineC","drugA",48,0.003162,1189,57
"lineC","drugA",48,0.01,978,57
"lineC","drugA",48,0.03162,996,57
"lineC","drugA",48,0.1,764,57
"lineC","drugA",48,0.3162,609,57
"lineC","drugA",48,1,561,57
"lineC","drugA",48,3.162,490,57
"lineC","drugA",48,10,521,57
"lineC","drugB",48,0.001,1097,57
"lineC","drugB",48,0.003162,1071,57
"lineC","drugB",48,0.01,1095,57
"lineC","drugB",48,0.03162,1126,57
"lineC","drugB",48,0.1,1261,57
"lineC","drugB",48,0.3162,1081,57
"lineC","drugB",48,1,1180,57
"lineC","drugB",48,3.162,1182,57
"lineC","drugB",48,10,1172,57
"lineC","drugC",48,0.001,1070,57
"lineC","drugC",48,0.003162,1177,57
"lineC","drugC",48,0.01,1084,57
"lineC","drugC",48,0.03162,1111,57
"lineC","drugC",48,0.1,908,57
"lineC","drugC",48,0.3162,710,57
"lineC","drugC",48,1,413,57
"lineC","drugC",48,3.162,181,57
"lineC","drugC",48,10,102,57
"lineC","drugD",48,0.001,1138,57
"lineC","drugD",48,0.003162,1078,57
"lineC","drugD",48,0.01,944,57
"lineC","drugD",48,0.03162,717,57
"lineC","drugD",48,0.1,626,57
"lineC","drugD",48,0.3162,523,57
"lineC","drugD",48,1,519,57
"lineC","drugD",48,3.162,486,57
"lineC","drugD",48,10,442,57
"lineC","-",48,0,1077,57
"lineC","-",48,0,1029,57
"lineC","-",48,0,1150,57
"lineC","-",48,0,1112,57
"lineC","-",48,0,1074,57
"lineC","-",48,0,1134,57
"lineC","-",48,0,1088,57
"lineC","-",48,0,1141,57
"lineC","drugA",48,0.001,1057,57
"lineC","drugA",48,0.003162,1139,57
"lineC","drugA",48,0.01,1026,57
"lineC","drugA",48,0.03162,952,57
"lineC","drugA",48,0.1,734,57
"lineC","drugA",48,0.3162,649,57
"lineC","drugA",48,1,553,57
"lineC","drugA",48,3.162,526,57
"lineC","drugA",48,10,532,57
"lineC","drugB",48,0.001,1125,57
"lineC","drugB",48,0.003162,1201,57
"lineC","drugB",48,0.01,1102,57
"lineC","drugB",48,0.03162,1116,57
"lineC","drugB",48,0.1,1051,57
"lineC","drugB",48,0.3162,1065,57
"lineC","drugB",48,1,1124,57
"lineC","drugB",48,3.162,1090,57
"lineC","drugB",48,10,1075,57
"lineC","drugC",48,0.001,1181,57
"lineC","drugC",48,0.003162,1071,57
"lineC","drugC",48,0.01,1173,57
"lineC","drugC",48,0.03162,1085,57
"lineC","drugC",48,0.1,967,57
"lineC","drugC",48,0.3162,677,57
"lineC","drugC",48,1,423,57
"lineC","drugC",48,3.162,187,57
"lineC","drugC",48,10,105,57
"lineC","drugD",48,0.001,1224,57
"lineC","drugD",48,0.003162,1048,57
"lineC","drugD",48,0.01,922,57
"lineC","drugD",48,0.03162,702,57
"lineC","drugD",48,0.1,556,57
"lineC","drugD",48,0.3162,465,57
"lineC","drugD",48,1,476,57
"lineC","drugD",48,3.162,448,57
"lineC","drugD",48,10,443,57
"lineC","-",72,0,1678,57
"lineC","-",72,0,1742,57
"lineC","-",72,0,1823,57
"lineC","-",72,0,1691,57
"lineC","-",72,0,1808,57
"lineC","-",72,0,1870,57
"lineC","-",72,0,1887,57
"lineC","-",72,0,1604,57
"lineC","drugA",72,0.001,1710,57
"lineC","drugA",72,0.003162,1796,57
"lineC","drugA",72,0.01,1691,57
"lineC","drugA",72,0.03162,1343,57
"lineC","drugA",72,0.1,1082,57
"lineC","drugA",72,0.3162,773,57
"lineC","drugA",72,1,585,57
"lineC","drugA",72,3.162,581,57
"lineC","drugA",72,10,510,57
"lineC","drugB",72,0.001,1741,57
"lineC","drugB",72,0.003162,1762,57
"lineC","drugB",72,0.01,1632,57
"lineC","drugB",72,0.03162,1766,57
"lineC","drugB",72,0.1,1730,57
"lineC","drugB",72,0.3162,1723,57
"lineC","drugB",72,1,1837,57
"lineC","drugB",72,3.162,1757,57
"lineC","drugB",72,10,1663,57
"lineC","drugC",72,0.001,1765,57
"lineC","drugC",72,0.003162,1720,57
"lineC","drugC",72,0.01,1609,57
"lineC","drugC",72,0.03162,1724,57
"lineC","drugC",72,0.1,1513,57
"lineC","drugC",72,0.3162,1087,57
"lineC","drugC",72,1,549,57
"lineC","drugC",72,3.162,217,57
"lineC","drugC",72,10,72,57
"lineC","drugD",72,0.001,1676,57
"lineC","drugD",72,0.003162,1512,57
"lineC","drugD",72,0.01,1288,57
"lineC","drugD",72,0.03162,1029,57
"lineC","drugD",72,0.1,648,57
"lineC","drugD",72,0.3162,510,57
"lineC","drugD",72,1,451,57
"lineC","drugD",72,3.162,420,57
"lineC","drugD",72,10,475,57
"lineC","-",72,0,1799,57
"lineC","-",72,0,1685,57
"lineC","-",72,0,1680,57
"lineC","-",72,0,1681,57
"lineC","-",72,0,1665,57
"lineC","-",72,0,1717,57
"lineC","-",72,0,1887,57
"lineC","-",72,0,1859,57
"lineC","drugA",72,0.001,1740,57
"lineC","drugA",72,0.003162,1744,57
"lineC","drugA",72,0.01,1707,57
"lineC","drugA",72,0.03162,1386,57
"lineC","drugA",72,0.1,1064,57
"lineC","drugA",72,0.3162,698,57
"lineC","drugA",72,1,597,57
"lineC","drugA",72,3.162,532,57
"lineC","drugA",72,10,493,57
"lineC","drugB",72,0.001,1715,57
"lineC","drugB",72,0.003162,1707,57
"lineC","drugB",72,0.01,1664,57
"lineC","drugB",72,0.03162,1678,57
"lineC","drugB",72,0.1,1642,57
"lineC","drugB",72,0.3162,1779,57
"lineC","drugB",72,1,1751,57
"lineC","drugB",72,3.162,1663,57
"lineC","drugB",72,10,1663,57
"lineC","drugC",72,0.001,1625,57
"lineC","drugC",72,0.003162,1712,57
"lineC","drugC",72,0.01,1763,57
"lineC","drugC",72,0.03162,1603,57
"lineC","drugC",72,0.1,1459,57
"lineC","drugC",72,0.3162,1155,57
"lineC","drugC",72,1,502,57
"lineC","drugC",72,3.162,201,57
"lineC","drugC",72,10,81,57
"lineC","drugD",72,0.001,1776,57
"lineC","drugD",72,0.003162,1594,57
"lineC","drugD",72,0.01,1402,57
"lineC","drugD",72,0.03162,933,57
"lineC","drugD",72,0.1,675,57
"lineC","drugD",72,0.3162,517,57
"lineC","drugD",72,1,468,57
"lineC","drugD",72,3.162,467,57
"lineC","drugD",72,10,446,57
"lineC","-",72,0,1823,57
"lineC","-",72,0,1664,57
"lineC","-",72,0,1715,57
"lineC","-",72,0,1700,57
"lineC","-",72,0,1674,57
"lineC","-",72,0,1749,57
"lineC","-",72,0,1883,57
"lineC","-",72,0,1716,57
"lineC","drugA",72,0.001,1806,57
"lineC","drugA",72,0.003162,1743,57
"lineC","drugA",72,0.01,1462,57
"lineC","drugA",72,0.03162,1412,57
"lineC","drugA",72,0.1,1024,57
"lineC","drugA",72,0.3162,710,57
"lineC","drugA",72,1,549,57
"lineC","drugA",72,3.162,557,57
"lineC","drugA",72,10,522,57
"lineC","drugB",72,0.001,1688,57
"lineC","drugB",72,0.003162,1665,57
"lineC","drugB",72,0.01,1595,57
"lineC","drugB",72,0.03162,1786,57
"lineC","drugB",72,0.1,1568,57
"lineC","drugB",72,0.3162,1535,57
"lineC","drugB",72,1,1619,57
"lineC","drugB",72,3.162,1620,57
"lineC","drugB",72,10,1770,57
"lineC","drugC",72,0.001,1682,57
"lineC","drugC",72,0.003162,1587,57
"lineC","drugC",72,0.01,1659,57
"lineC","drugC",72,0.03162,1806,57
"lineC","drugC",72,0.1,1417,57
"lineC","drugC",72,0.3162,1071,57
"lineC","drugC",72,1,545,57
"lineC","drugC",72,3.162,219,57
"lineC","drugC",72,10,88,57
"lineC","drugD",72,0.001,1709,57
"lineC","drugD",72,0.003162,1568,57
"lineC","drugD",72,0.01,1413,57
"lineC","drugD",72,0.03162,886,57
"lineC","drugD",72,0.1,635,57
"lineC","drugD",72,0.3162,468,57
"lineC","drugD",72,1,464,57
"lineC","drugD",72,3.162,431,57
"lineC","drugD",72,10,475,57
"lineC","-",0,0,480,57
"lineC","-",0,0,515,57
"lineC","-",0,0,508,57
"lineC","-",0,0,520,57
"lineC","-",0,0,504,57
"lineC","-",0,0,512,57
"lineC","-",0,0,485,57
"lineC","-",0,0,504,57
"lineC","-",0,0,500,57
"lineC","-",0,0,538,57
"lineC","-",0,0,494,57
"lineC","-",0,0,472,57
"lineC","-",0,0,479,57
"lineC","-",0,0,529,57
"lineC","-",0,0,528,57
"lineC","-",0,0,454,57
"lineC","-",0,0,510,57
"lineC","-",0,0,480,57
"lineC","-",0,0,480,57
"lineC","-",0,0,473,57
"lineC","-",48,0,880,57
"lineC","-",48,0,812,57
"lineC","-",48,0,882,57
"lineC","-",48,0,848,57
"lineC","-",48,0,914,57
"lineC","-",48,0,848,57
"lineC","-",48,0,877,57
"lineC","-",48,0,787,57
"lineC","drugA",48,0.001,853,57
"lineC","drugA",48,0.003162,824,57
"lineC","drugA",48,0.01,816,57
"lineC","drugA",48,0.03162,763,57
"lineC","drugA",48,0.1,688,57
"lineC","drugA",48,0.3162,554,57
"lineC","drugA",48,1,490,57
"lineC","drugA",48,3.162,507,57
"lineC","drugA",48,10,554,57
"lineC","drugB",48,0.001,787,57
"lineC","drugB",48,0.003162,846,57
"lineC","drugB",48,0.01,828,57
"lineC","drugB",48,0.03162,882,57
"lineC","drugB",48,0.1,800,57
"lineC","drugB",48,0.3162,830,57
"lineC","drugB",48,1,854,57
"lineC","drugB",48,3.162,907,57
"lineC","drugB",48,10,934,57
"lineC","drugC",48,0.001,894,57
"lineC","drugC",48,0.003162,890,57
"lineC","drugC",48,0.01,811,57
"lineC","drugC",48,0.03162,864,57
"lineC","drugC",48,0.1,734,57
"lineC","drugC",48,0.3162,595,57
"lineC","drugC",48,1,348,57
"lineC","drugC",48,3.162,197,57
"lineC","drugC",48,10,166,57
"lineC","drugD",48,0.001,873,57
"lineC","drugD",48,0.003162,845,57
"lineC","drugD",48,0.01,750,57
"lineC","drugD",48,0.03162,628,57
"lineC","drugD",48,0.1,536,57
"lineC","drugD",48,0.3162,499,57
"lineC","drugD",48,1,536,57
"lineC","drugD",48,3.162,482,57
"lineC","drugD",48,10,482,57
"lineC","-",48,0,817,57
"lineC","-",48,0,811,57
"lineC","-",48,0,866,57
"lineC","-",48,0,877,57
"lineC","-",48,0,943,57
"lineC","-",48,0,866,57
"lineC","-",48,0,866,57
"lineC","-",48,0,952,57
"lineC","drugA",48,0.001,849,57
"lineC","drugA",48,0.003162,806,57
"lineC","drugA",48,0.01,855,57
"lineC","drugA",48,0.03162,811,57
"lineC","drugA",48,0.1,692,57
"lineC","drugA",48,0.3162,576,57
"lineC","drugA",48,1,509,57
"lineC","drugA",48,3.162,509,57
"lineC","drugA",48,10,554,57
"lineC","drugB",48,0.001,805,57
"lineC","drugB",48,0.003162,881,57
"lineC","drugB",48,0.01,927,57
"lineC","drugB",48,0.03162,914,57
"lineC","drugB",48,0.1,878,57
"lineC","drugB",48,0.3162,892,57
"lineC","drugB",48,1,818,57
"lineC","drugB",48,3.162,856,57
"lineC","drugB",48,10,880,57
"lineC","drugC",48,0.001,897,57
"lineC","drugC",48,0.003162,882,57
"lineC","drugC",48,0.01,872,57
"lineC","drugC",48,0.03162,844,57
"lineC","drugC",48,0.1,733,57
"lineC","drugC",48,0.3162,601,57
"lineC","drugC",48,1,339,57
"lineC","drugC",48,3.162,203,57
"lineC","drugC",48,10,150,57
"lineC","drugD",48,0.001,865,57
"lineC","drugD",48,0.003162,849,57
"lineC","drugD",48,0.01,743,57
"lineC","drugD",48,0.03162,581,57
"lineC","drugD",48,0.1,534,57
"lineC","drugD",48,0.3162,503,57
"lineC","drugD",48,1,498,57
"lineC","drugD",48,3.162,443,57
"lineC","drugD",48,10,478,57
"lineC","-",48,0,809,57
"lineC","-",48,0,867,57
"lineC","-",48,0,894,57
"lineC","-",48,0,845,57
"lineC","-",48,0,939,57
"lineC","-",48,0,900,57
"lineC","-",48,0,898,57
"lineC","-",48,0,843,57
"lineC","drugA",48,0.001,814,57
"lineC","drugA",48,0.003162,941,57
"lineC","drugA",48,0.01,854,57
"lineC","drugA",48,0.03162,781,57
"lineC","drugA",48,0.1,706,57
"lineC","drugA",48,0.3162,543,57
"lineC","drugA",48,1,512,57
"lineC","drugA",48,3.162,525,57
"lineC","drugA",48,10,528,57
"lineC","drugB",48,0.001,897,57
"lineC","drugB",48,0.003162,851,57
"lineC","drugB",48,0.01,952,57
"lineC","drugB",48,0.03162,850,57
"lineC","drugB",48,0.1,876,57
"lineC","drugB",48,0.3162,812,57
"lineC","drugB",48,1,855,57
"lineC","drugB",48,3.162,908,57
"lineC","drugB",48,10,924,57
"lineC","drugC",48,0.001,786,57
"lineC","drugC",48,0.003162,808,57
"lineC","drugC",48,0.01,821,57
"lineC","drugC",48,0.03162,890,57
"lineC","drugC",48,0.1,776,57
"lineC","drugC",48,0.3162,608,57
"lineC","drugC",48,1,351,57
"lineC","drugC",48,3.162,198,57
"lineC","drugC",48,10,153,57
"lineC","drugD",48,0.001,925,57
"lineC","drugD",48,0.003162,898,57
"lineC","drugD",48,0.01,710,57
"lineC","drugD",48,0.03162,624,57
"lineC","drugD",48,0.1,516,57
"lineC","drugD",48,0.3162,500,57
"lineC","drugD",48,1,502,57
"lineC","drugD",48,3.162,481,57
"lineC","drugD",48,10,456,57
"lineC","-",72,0,1053,57
"lineC","-",72,0,1115,57
"lineC","-",72,0,1181,57
"lineC","-",72,0,1039,57
"lineC","-",72,0,1233,57
"lineC","-",72,0,1162,57
"lineC","-",72,0,1127,57
"lineC","-",72,0,1103,57
"lineC","drugA",72,0.001,1216,57
"lineC","drugA",72,0.003162,1025,57
"lineC","drugA",72,0.01,1040,57
"lineC","drugA",72,0.03162,994,57
"lineC","drugA",72,0.1,850,57
"lineC","drugA",72,0.3162,620,57
"lineC","drugA",72,1,577,57
"lineC","drugA",72,3.162,491,57
"lineC","drugA",72,10,536,57
"lineC","drugB",72,0.001,1074,57
"lineC","drugB",72,0.003162,1192,57
"lineC","drugB",72,0.01,1097,57
"lineC","drugB",72,0.03162,1242,57
"lineC","drugB",72,0.1,1077,57
"lineC","drugB",72,0.3162,1077,57
"lineC","drugB",72,1,1115,57
"lineC","drugB",72,3.162,1092,57
"lineC","drugB",72,10,1051,57
"lineC","drugC",72,0.001,1182,57
"lineC","drugC",72,0.003162,1057,57
"lineC","drugC",72,0.01,1082,57
"lineC","drugC",72,0.03162,1087,57
"lineC","drugC",72,0.1,953,57
"lineC","drugC",72,0.3162,768,57
"lineC","drugC",72,1,415,57
"lineC","drugC",72,3.162,175,57
"lineC","drugC",72,10,104,57
"lineC","drugD",72,0.001,1196,57
"lineC","drugD",72,0.003162,1112,57
"lineC","drugD",72,0.01,954,57
"lineC","drugD",72,0.03162,808,57
"lineC","drugD",72,0.1,631,57
"lineC","drugD",72,0.3162,516,57
"lineC","drugD",72,1,462,57
"lineC","drugD",72,3.162,449,57
"lineC","drugD",72,10,516,57
"lineC","-",72,0,1159,57
"lineC","-",72,0,1129,57
"lineC","-",72,0,1163,57
"lineC","-",72,0,1053,57
"lineC","-",72,0,1187,57
"lineC","-",72,0,1103,57
"lineC","-",72,0,1043,57
"lineC","-",72,0,1232,57
"lineC","drugA",72,0.001,1046,57
"lineC","drugA",72,0.003162,1139,57
"lineC","drugA",72,0.01,1089,57
"lineC","drugA",72,0.03162,1041,57
"lineC","drugA",72,0.1,728,57
"lineC","drugA",72,0.3162,583,57
"lineC","drugA",72,1,526,57
"lineC","drugA",72,3.162,510,57
"lineC","drugA",72,10,491,57
"lineC","drugB",72,0.001,1060,57
"lineC","drugB",72,0.003162,1116,57
"lineC","drugB",72,0.01,1121,57
"lineC","drugB",72,0.03162,1031,57
"lineC","drugB",72,0.1,1217,57
"lineC","drugB",72,0.3162,1022,57
"lineC","drugB",72,1,1111,57
"lineC","drugB",72,3.162,1206,57
"lineC","drugB",72,10,1118,57
"lineC","drugC",72,0.001,1102,57
"lineC","drugC",72,0.003162,1135,57
"lineC","drugC",72,0.01,1136,57
"lineC","drugC",72,0.03162,1147,57
"lineC","drugC",72,0.1,1035,57
"lineC","drugC",72,0.3162,732,57
"lineC","drugC",72,1,402,57
"lineC","drugC",72,3.162,183,57
"lineC","drugC",72,10,102,57
"lineC","drugD",72,0.001,1108,57
"lineC","drugD",72,0.003162,1108,57
"lineC","drugD",72,0.01,974,57
"lineC","drugD",72,0.03162,763,57
"lineC","drugD",72,0.1,524,57
"lineC","drugD",72,0.3162,497,57
"lineC","drugD",72,1,504,57
"lineC","drugD",72,3.162,525,57
"lineC","drugD",72,10,436,57
"lineC","-",72,0,1154,57
"lineC","-",72,0,1091,57
"lineC","-",72,0,1150,57
"lineC","-",72,0,1112,57
"lineC","-",72,0,1142,57
"lineC","-",72,0,1139,57
"lineC","-",72,0,1141,57
"lineC","-",72,0,1171,57
"lineC","drugA",72,0.001,1130,57
"lineC","drugA",72,0.003162,1225,57
"lineC","drugA",72,0.01,1066,57
"lineC","drugA",72,0.03162,1015,57
"lineC","drugA",72,0.1,803,57
"lineC","drugA",72,0.3162,664,57
"lineC","drugA",72,1,497,57
"lineC","drugA",72,3.162,506,57
"lineC","drugA",72,10,512,57
"lineC","drugB",72,0.001,1092,57
"lineC","drugB",72,0.003162,1125,57
"lineC","drugB",72,0.01,1187,57
"lineC","drugB",72,0.03162,1190,57
"lineC","drugB",72,0.1,1131,57
"lineC","drugB",72,0.3162,1154,57
"lineC","drugB",72,1,1200,57
"lineC","drugB",72,3.162,1105,57
"lineC","drugB",72,10,1081,57
"lineC","drugC",72,0.001,1203,57
"lineC","drugC",72,0.003162,1222,57
"lineC","drugC",72,0.01,1068,57
"lineC","drugC",72,0.03162,1200,57
"lineC","drugC",72,0.1,1058,57
"lineC","drugC",72,0.3162,810,57
"lineC","drugC",72,1,416,57
"lineC","drugC",72,3.162,195,57
"lineC","drugC",72,10,108,57
"lineC","drugD",72,0.001,1156,57
"lineC","drugD",72,0.003162,1112,57
"lineC","drugD",72,0.01,983,57
"lineC","drugD",72,0.03162,754,57
"lineC","drugD",72,0.1,559,57
"lineC","drugD",72,0.3162,490,57
"lineC","drugD",72,1,440,57
"lineC","drugD",72,3.162,506,57
"lineC","drugD",72,10,506,57
