cell_line,treatment,treatment_duration__hrs,concentration,cell_count
lineA,-,0,0,294
lineA,-,0,0,318
lineA,-,0,0,287
lineA,-,0,0,296
lineA,-,0,0,291
lineA,-,0,0,286
lineA,-,0,0,319
lineA,-,0,0,304
lineA,-,0,0,285
lineA,-,0,0,319
lineA,-,0,0,319
lineA,-,0,0,325
lineA,-,0,0,287
lineA,-,0,0,300
lineA,-,0,0,284
lineA,-,0,0,313
lineA,-,0,0,281
lineA,-,0,0,316
lineA,-,0,0,294
lineA,-,0,0,300
lineA,-,48,0,1201
lineA,-,48,0,1196
lineA,-,48,0,1184
lineA,-,48,0,1210
lineA,-,48,0,1258
lineA,-,48,0,1246
lineA,-,48,0,1227
lineA,-,48,0,1212
lineA,drugA,48,0.001,1131
lineA,drugA,48,0.003162,1205
lineA,drugA,48,0.01,1021
lineA,drugA,48,0.03162,743
lineA,drugA,48,0.1,459
lineA,drugA,48,0.3162,318
lineA,drugA,48,1,284
lineA,drugA,48,3.162,274
lineA,drugA,48,10,249
lineA,drugB,48,0.001,1088
lineA,drugB,48,0.003162,1215
lineA,drugB,48,0.01,1227
lineA,drugB,48,0.03162,1075
lineA,drugB,48,0.1,1125
lineA,drugB,48,0.3162,967
lineA,drugB,48,1,766
lineA,drugB,48,3.162,531
lineA,drugB,48,10,322
lineA,drugC,48,0.001,1118
lineA,drugC,48,0.003162,1187
lineA,drugC,48,0.01,1199
lineA,drugC,48,0.03162,1257
lineA,drugC,48,0.1,1087
lineA,drugC,48,0.3162,1049
lineA,drugC,48,1,793
lineA,drugC,48,3.162,488
lineA,drugC,48,10,409
lineA,drugD,48,0.001,1172
lineA,drugD,48,0.003162,1146
lineA,drugD,48,0.01,1115
lineA,drugD,48,0.03162,971
lineA,drugD,48,0.1,817
lineA,drugD,48,0.3162,656
lineA,drugD,48,1,651
lineA,drugD,48,3.162,616
lineA,drugD,48,10,577
lineA,-,48,0,1189
lineA,-,48,0,1089
lineA,-,48,0,1156
lineA,-,48,0,1089
lineA,-,48,0,1152
lineA,-,48,0,1176
lineA,-,48,0,1308
lineA,-,48,0,1265
lineA,drugA,48,0.001,1301
lineA,drugA,48,0.003162,1038
lineA,drugA,48,0.01,928
lineA,drugA,48,0.03162,706
lineA,drugA,48,0.1,479
lineA,drugA,48,0.3162,342
lineA,drugA,48,1,294
lineA,drugA,48,3.162,264
lineA,drugA,48,10,288
lineA,drugB,48,0.001,1114
lineA,drugB,48,0.003162,1154
lineA,drugB,48,0.01,1239
lineA,drugB,48,0.03162,1189
lineA,drugB,48,0.1,1086
lineA,drugB,48,0.3162,1111
lineA,drugB,48,1,852
lineA,drugB,48,3.162,469
lineA,drugB,48,10,339
lineA,drugC,48,0.001,1135
lineA,drugC,48,0.003162,1284
lineA,drugC,48,0.01,1150
lineA,drugC,48,0.03162,1094
lineA,drugC,48,0.1,1255
lineA,drugC,48,0.3162,1107
lineA,drugC,48,1,695
lineA,drugC,48,3.162,487
lineA,drugC,48,10,441
lineA,drugD,48,0.001,1177
lineA,drugD,48,0.003162,1119
lineA,drugD,48,0.01,1235
lineA,drugD,48,0.03162,1017
lineA,drugD,48,0.1,763
lineA,drugD,48,0.3162,608
lineA,drugD,48,1,663
lineA,drugD,48,3.162,636
lineA,drugD,48,10,652
lineA,-,72,0,2336
lineA,-,72,0,2178
lineA,-,72,0,2511
lineA,-,72,0,2321
lineA,-,72,0,2436
lineA,-,72,0,2339
lineA,-,72,0,2407
lineA,-,72,0,2178
lineA,drugA,72,0.001,2158
lineA,drugA,72,0.003162,2258
lineA,drugA,72,0.01,1851
lineA,drugA,72,0.03162,1373
lineA,drugA,72,0.1,723
lineA,drugA,72,0.3162,358
lineA,drugA,72,1,301
lineA,drugA,72,3.162,286
lineA,drugA,72,10,258
lineA,drugB,72,0.001,2378
lineA,drugB,72,0.003162,2525
lineA,drugB,72,0.01,2330
lineA,drugB,72,0.03162,2378
lineA,drugB,72,0.1,2394
lineA,drugB,72,0.3162,1992
lineA,drugB,72,1,1524
lineA,drugB,72,3.162,857
lineA,drugB,72,10,434
lineA,drugC,72,0.001,2292
lineA,drugC,72,0.003162,2508
lineA,drugC,72,0.01,2343
lineA,drugC,72,0.03162,2407
lineA,drugC,72,0.1,2445
lineA,drugC,72,0.3162,2426
lineA,drugC,72,1,1277
lineA,drugC,72,3.162,587
lineA,drugC,72,10,519
lineA,drugD,72,0.001,2264
lineA,drugD,72,0.003162,2409
lineA,drugD,72,0.01,2458
lineA,drugD,72,0.03162,2260
lineA,drugD,72,0.1,1269
lineA,drugD,72,0.3162,1002
lineA,drugD,72,1,862
lineA,drugD,72,3.162,837
lineA,drugD,72,10,935
lineA,-,72,0,2331
lineA,-,72,0,2178
lineA,-,72,0,2566
lineA,-,72,0,2505
lineA,-,72,0,2246
lineA,-,72,0,2552
lineA,-,72,0,2505
lineA,-,72,0,2293
lineA,drugA,72,0.001,2396
lineA,drugA,72,0.003162,2162
lineA,drugA,72,0.01,1799
lineA,drugA,72,0.03162,1329
lineA,drugA,72,0.1,713
lineA,drugA,72,0.3162,397
lineA,drugA,72,1,274
lineA,drugA,72,3.162,247
lineA,drugA,72,10,235
lineA,drugB,72,0.001,2381
lineA,drugB,72,0.003162,2521
lineA,drugB,72,0.01,2350
lineA,drugB,72,0.03162,2592
lineA,drugB,72,0.1,2127
lineA,drugB,72,0.3162,2037
lineA,drugB,72,1,1492
lineA,drugB,72,3.162,852
lineA,drugB,72,10,435
lineA,drugC,72,0.001,2329
lineA,drugC,72,0.003162,2579
lineA,drugC,72,0.01,2391
lineA,drugC,72,0.03162,2364
lineA,drugC,72,0.1,2560
lineA,drugC,72,0.3162,2422
lineA,drugC,72,1,1442
lineA,drugC,72,3.162,620
lineA,drugC,72,10,520
lineA,drugD,72,0.001,2447
lineA,drugD,72,0.003162,2350
lineA,drugD,72,0.01,2209
lineA,drugD,72,0.03162,2113
lineA,drugD,72,0.1,1322
lineA,drugD,72,0.3162,997
lineA,drugD,72,1,923
lineA,drugD,72,3.162,926
lineA,drugD,72,10,959
lineA,-,0,0,294
lineA,-,0,0,330
lineA,-,0,0,301
lineA,-,0,0,316
lineA,-,0,0,299
lineA,-,0,0,301
lineA,-,0,0,296
lineA,-,0,0,304
lineA,-,0,0,303
lineA,-,0,0,308
lineA,-,0,0,312
lineA,-,0,0,290
lineA,-,0,0,313
lineA,-,0,0,300
lineA,-,0,0,301
lineA,-,0,0,275
lineA,-,0,0,329
lineA,-,0,0,284
lineA,-,0,0,284
lineA,-,0,0,314
lineA,-,48,0,877
lineA,-,48,0,810
lineA,-,48,0,778
lineA,-,48,0,822
lineA,-,48,0,808
lineA,-,48,0,856
lineA,-,48,0,807
lineA,-,48,0,800
lineA,drugA,48,0.001,717
lineA,drugA,48,0.003162,730
lineA,drugA,48,0.01,639
lineA,drugA,48,0.03162,555
lineA,drugA,48,0.1,364
lineA,drugA,48,0.3162,310
lineA,drugA,48,1,308
lineA,drugA,48,3.162,306
lineA,drugA,48,10,255
lineA,drugB,48,0.001,725
lineA,drugB,48,0.003162,751
lineA,drugB,48,0.01,794
lineA,drugB,48,0.03162,759
lineA,drugB,48,0.1,805
lineA,drugB,48,0.3162,709
lineA,drugB,48,1,587
lineA,drugB,48,3.162,447
lineA,drugB,48,10,300
lineA,drugC,48,0.001,865
lineA,drugC,48,0.003162,740
lineA,drugC,48,0.01,818
lineA,drugC,48,0.03162,725
lineA,drugC,48,0.1,748
lineA,drugC,48,0.3162,729
lineA,drugC,48,1,557
lineA,drugC,48,3.162,428
lineA,drugC,48,10,436
lineA,drugD,48,0.001,816
lineA,drugD,48,0.003162,809
lineA,drugD,48,0.01,797
lineA,drugD,48,0.03162,747
lineA,drugD,48,0.1,592
lineA,drugD,48,0.3162,510
lineA,drugD,48,1,500
lineA,drugD,48,3.162,545
lineA,drugD,48,10,547
lineA,-,48,0,838
lineA,-,48,0,730
lineA,-,48,0,793
lineA,-,48,0,773
lineA,-,48,0,799
lineA,-,48,0,820
lineA,-,48,0,746
lineA,-,48,0,821
lineA,drugA,48,0.001,766
lineA,drugA,48,0.003162,729
lineA,drugA,48,0.01,679
lineA,drugA,48,0.03162,545
lineA,drugA,48,0.1,394
lineA,drugA,48,0.3162,340
lineA,drugA,48,1,295
lineA,drugA,48,3.162,291
lineA,drugA,48,10,265
lineA,drugB,48,0.001,799
lineA,drugB,48,0.003162,772
lineA,drugB,48,0.01,810
lineA,drugB,48,0.03162,767
lineA,drugB,48,0.1,720
lineA,drugB,48,0.3162,703
lineA,drugB,48,1,559
lineA,drugB,48,3.162,403
lineA,drugB,48,10,288
lineA,drugC,48,0.001,863
lineA,drugC,48,0.003162,824
lineA,drugC,48,0.01,785
lineA,drugC,48,0.03162,771
lineA,drugC,48,0.1,826
lineA,drugC,48,0.3162,808
lineA,drugC,48,1,553
lineA,drugC,48,3.162,409
lineA,drugC,48,10,376
lineA,drugD,48,0.001,816
lineA,drugD,48,0.003162,864
lineA,drugD,48,0.01,737
lineA,drugD,48,0.03162,804
lineA,drugD,48,0.1,624
lineA,drugD,48,0.3162,547
lineA,drugD,48,1,522
lineA,drugD,48,3.162,554
lineA,drugD,48,10,458
lineA,-,72,0,1357
lineA,-,72,0,1293
lineA,-,72,0,1305
lineA,-,72,0,1368
lineA,-,72,0,1246
lineA,-,72,0,1235
lineA,-,72,0,1410
lineA,-,72,0,1313
lineA,drugA,72,0.001,1285
lineA,drugA,72,0.003162,1208
lineA,drugA,72,0.01,1065
lineA,drugA,72,0.03162,788
lineA,drugA,72,0.1,528
lineA,drugA,72,0.3162,304
lineA,drugA,72,1,286
lineA,drugA,72,3.162,246
lineA,drugA,72,10,294
lineA,drugB,72,0.001,1357
lineA,drugB,72,0.003162,1274
lineA,drugB,72,0.01,1234
lineA,drugB,72,0.03162,1273
lineA,drugB,72,0.1,1228
lineA,drugB,72,0.3162,1088
lineA,drugB,72,1,864
lineA,drugB,72,3.162,545
lineA,drugB,72,10,352
lineA,drugC,72,0.001,1355
lineA,drugC,72,0.003162,1343
lineA,drugC,72,0.01,1249
lineA,drugC,72,0.03162,1255
lineA,drugC,72,0.1,1305
lineA,drugC,72,0.3162,1257
lineA,drugC,72,1,831
lineA,drugC,72,3.162,467
lineA,drugC,72,10,449
lineA,drugD,72,0.001,1317
lineA,drugD,72,0.003162,1256
lineA,drugD,72,0.01,1229
lineA,drugD,72,0.03162,1046
lineA,drugD,72,0.1,794
lineA,drugD,72,0.3162,641
lineA,drugD,72,1,656
lineA,drugD,72,3.162,660
lineA,drugD,72,10,679
lineA,-,72,0,1294
lineA,-,72,0,1239
lineA,-,72,0,1268
lineA,-,72,0,1345
lineA,-,72,0,1210
lineA,-,72,0,1284
lineA,-,72,0,1218
lineA,-,72,0,1305
lineA,drugA,72,0.001,1213
lineA,drugA,72,0.003162,1158
lineA,drugA,72,0.01,1063
lineA,drugA,72,0.03162,770
lineA,drugA,72,0.1,463
lineA,drugA,72,0.3162,343
lineA,drugA,72,1,268
lineA,drugA,72,3.162,283
lineA,drugA,72,10,259
lineA,drugB,72,0.001,1273
lineA,drugB,72,0.003162,1240
lineA,drugB,72,0.01,1191
lineA,drugB,72,0.03162,1327
lineA,drugB,72,0.1,1259
lineA,drugB,72,0.3162,1046
lineA,drugB,72,1,905
lineA,drugB,72,3.162,520
lineA,drugB,72,10,328
lineA,drugC,72,0.001,1251
lineA,drugC,72,0.003162,1298
lineA,drugC,72,0.01,1274
lineA,drugC,72,0.03162,1178
lineA,drugC,72,0.1,1314
lineA,drugC,72,0.3162,1185
lineA,drugC,72,1,798
lineA,drugC,72,3.162,432
lineA,drugC,72,10,455
lineA,drugD,72,0.001,1323
lineA,drugD,72,0.003162,1295
lineA,drugD,72,0.01,1350
lineA,drugD,72,0.03162,1232
lineA,drugD,72,0.1,893
lineA,drugD,72,0.3162,710
lineA,drugD,72,1,674
lineA,drugD,72,3.162,648
lineA,drugD,72,10,648
lineB,-,0,0,422
lineB,-,0,0,405
lineB,-,0,0,435
lineB,-,0,0,403
lineB,-,0,0,406
lineB,-,0,0,421
lineB,-,0,0,392
lineB,-,0,0,423
lineB,-,0,0,381
lineB,-,0,0,370
lineB,-,0,0,384
lineB,-,0,0,428
lineB,-,0,0,406
lineB,-,0,0,400
lineB,-,0,0,387
lineB,-,0,0,430
lineB,-,0,0,407
lineB,-,0,0,432
lineB,-,0,0,409
lineB,-,0,0,426
lineB,-,48,0,923
lineB,-,48,0,933
lineB,-,48,0,869
lineB,-,48,0,951
lineB,-,48,0,968
lineB,-,48,0,925
lineB,-,48,0,950
lineB,-,48,0,900
lineB,drugA,48,0.001,951
lineB,drugA,48,0.003162,987
lineB,drugA,48,0.01,904
lineB,drugA,48,0.03162,833
lineB,drugA,48,0.1,631
lineB,drugA,48,0.3162,561
lineB,drugA,48,1,486
lineB,drugA,48,3.162,476
lineB,drugA,48,10,533
lineB,drugB,48,0.001,945
lineB,drugB,48,0.003162,924
lineB,drugB,48,0.01,946
lineB,drugB,48,0.03162,926
lineB,drugB,48,0.1,804
lineB,drugB,48,0.3162,499
lineB,drugB,48,1,176
lineB,drugB,48,3.162,90
lineB,drugB,48,10,68
lineB,drugC,48,0.001,915
lineB,drugC,48,0.003162,916
lineB,drugC,48,0.01,962
lineB,drugC,48,0.03162,902
lineB,drugC,48,0.1,586
lineB,drugC,48,0.3162,69
lineB,drugC,48,1,35
lineB,drugC,48,3.162,33
lineB,drugC,48,10,35
lineB,drugD,48,0.001,976
lineB,drugD,48,0.003162,904
lineB,drugD,48,0.01,998
lineB,drugD,48,0.03162,914
lineB,drugD,48,0.1,927
lineB,drugD,48,0.3162,803
lineB,drugD,48,1,765
lineB,drugD,48,3.162,707
lineB,drugD,48,10,646
lineB,-,48,0,974
lineB,-,48,0,920
lineB,-,48,0,931
lineB,-,48,0,856
lineB,-,48,0,986
lineB,-,48,0,1036
lineB,-,48,0,969
lineB,-,48,0,916
lineB,drugA,48,0.001,917
lineB,drugA,48,0.003162,946
lineB,drugA,48,0.01,985
lineB,drugA,48,0.03162,776
lineB,drugA,48,0.1,642
lineB,drugA,48,0.3162,475
lineB,drugA,48,1,505
lineB,drugA,48,3.162,489
lineB,drugA,48,10,485
lineB,drugB,48,0.001,957
lineB,drugB,48,0.003162,1016
lineB,drugB,48,0.01,885
lineB,drugB,48,0.03162,870
lineB,drugB,48,0.1,775
lineB,drugB,48,0.3162,433
lineB,drugB,48,1,177
lineB,drugB,48,3.162,84
lineB,drugB,48,10,68
lineB,drugC,48,0.001,904
lineB,drugC,48,0.003162,873
lineB,drugC,48,0.01,969
lineB,drugC,48,0.03162,881
lineB,drugC,48,0.1,550
lineB,drugC,48,0.3162,74
lineB,drugC,48,1,35
lineB,drugC,48,3.162,31
lineB,drugC,48,10,31
lineB,drugD,48,0.001,921
lineB,drugD,48,0.003162,937
lineB,drugD,48,0.01,951
lineB,drugD,48,0.03162,879
lineB,drugD,48,0.1,875
lineB,drugD,48,0.3162,888
lineB,drugD,48,1,691
lineB,drugD,48,3.162,756
lineB,drugD,48,10,735
lineB,-,72,0,1493
lineB,-,72,0,1310
lineB,-,72,0,1484
lineB,-,72,0,1557
lineB,-,72,0,1559
lineB,-,72,0,1495
lineB,-,72,0,1457
lineB,-,72,0,1348
lineB,drugA,72,0.001,1471
lineB,drugA,72,0.003162,1378
lineB,drugA,72,0.01,1291
lineB,drugA,72,0.03162,1207
lineB,drugA,72,0.1,786
lineB,drugA,72,0.3162,589
lineB,drugA,72,1,514
lineB,drugA,72,3.162,582
lineB,drugA,72,10,557
lineB,drugB,72,0.001,1523
lineB,drugB,72,0.003162,1470
lineB,drugB,72,0.01,1412
lineB,drugB,72,0.03162,1428
lineB,drugB,72,0.1,1264
lineB,drugB,72,0.3162,656
lineB,drugB,72,1,205
lineB,drugB,72,3.162,58
lineB,drugB,72,10,29
lineB,drugC,72,0.001,1343
lineB,drugC,72,0.003162,1355
lineB,drugC,72,0.01,1441
lineB,drugC,72,0.03162,1392
lineB,drugC,72,0.1,804
lineB,drugC,72,0.3162,64
lineB,drugC,72,1,10
lineB,drugC,72,3.162,7
lineB,drugC,72,10,8
lineB,drugD,72,0.001,1419
lineB,drugD,72,0.003162,1500
lineB,drugD,72,0.01,1422
lineB,drugD,72,0.03162,1309
lineB,drugD,72,0.1,1447
lineB,drugD,72,0.3162,1170
lineB,drugD,72,1,880
lineB,drugD,72,3.162,878
lineB,drugD,72,10,915
lineB,-,72,0,1388
lineB,-,72,0,1458
lineB,-,72,0,1337
lineB,-,72,0,1412
lineB,-,72,0,1342
lineB,-,72,0,1519
lineB,-,72,0,1434
lineB,-,72,0,1345
lineB,drugA,72,0.001,1512
lineB,drugA,72,0.003162,1553
lineB,drugA,72,0.01,1293
lineB,drugA,72,0.03162,1242
lineB,drugA,72,0.1,731
lineB,drugA,72,0.3162,597
lineB,drugA,72,1,546
lineB,drugA,72,3.162,569
lineB,drugA,72,10,540
lineB,drugB,72,0.001,1475
lineB,drugB,72,0.003162,1447
lineB,drugB,72,0.01,1344
lineB,drugB,72,0.03162,1399
lineB,drugB,72,0.1,1205
lineB,drugB,72,0.3162,656
lineB,drugB,72,1,226
lineB,drugB,72,3.162,67
lineB,drugB,72,10,32
lineB,drugC,72,0.001,1428
lineB,drugC,72,0.003162,1478
lineB,drugC,72,0.01,1392
lineB,drugC,72,0.03162,1418
lineB,drugC,72,0.1,772
lineB,drugC,72,0.3162,68
lineB,drugC,72,1,13
lineB,drugC,72,3.162,9
lineB,drugC,72,10,9
lineB,drugD,72,0.001,1570
lineB,drugD,72,0.003162,1441
lineB,drugD,72,0.01,1412
lineB,drugD,72,0.03162,1431
lineB,drugD,72,0.1,1342
lineB,drugD,72,0.3162,1275
lineB,drugD,72,1,950
lineB,drugD,72,3.162,892
lineB,drugD,72,10,915
lineB,-,0,0,412
lineB,-,0,0,410
lineB,-,0,0,401
lineB,-,0,0,377
lineB,-,0,0,368
lineB,-,0,0,409
lineB,-,0,0,440
lineB,-,0,0,426
lineB,-,0,0,375
lineB,-,0,0,390
lineB,-,0,0,419
lineB,-,0,0,363
lineB,-,0,0,407
lineB,-,0,0,430
lineB,-,0,0,412
lineB,-,0,0,422
lineB,-,0,0,417
lineB,-,0,0,381
lineB,-,0,0,376
lineB,-,0,0,414
lineB,-,48,0,851
lineB,-,48,0,840
lineB,-,48,0,899
lineB,-,48,0,893
lineB,-,48,0,847
lineB,-,48,0,877
lineB,-,48,0,892
lineB,-,48,0,864
lineB,drugA,48,0.001,841
lineB,drugA,48,0.003162,854
lineB,drugA,48,0.01,794
lineB,drugA,48,0.03162,747
lineB,drugA,48,0.1,603
lineB,drugA,48,0.3162,498
lineB,drugA,48,1,470
lineB,drugA,48,3.162,478
lineB,drugA,48,10,486
lineB,drugB,48,0.001,891
lineB,drugB,48,0.003162,906
lineB,drugB,48,0.01,907
lineB,drugB,48,0.03162,812
lineB,drugB,48,0.1,779
lineB,drugB,48,0.3162,431
lineB,drugB,48,1,188
lineB,drugB,48,3.162,102
lineB,drugB,48,10,73
lineB,drugC,48,0.001,789
lineB,drugC,48,0.003162,820
lineB,drugC,48,0.01,828
lineB,drugC,48,0.03162,915
lineB,drugC,48,0.1,559
lineB,drugC,48,0.3162,80
lineB,drugC,48,1,40
lineB,drugC,48,3.162,41
lineB,drugC,48,10,39
lineB,drugD,48,0.001,909
lineB,drugD,48,0.003162,893
lineB,drugD,48,0.01,866
lineB,drugD,48,0.03162,856
lineB,drugD,48,0.1,867
lineB,drugD,48,0.3162,856
lineB,drugD,48,1,714
lineB,drugD,48,3.162,634
lineB,drugD,48,10,605
lineB,-,48,0,873
lineB,-,48,0,795
lineB,-,48,0,874
lineB,-,48,0,820
lineB,-,48,0,840
lineB,-,48,0,904
lineB,-,48,0,871
lineB,-,48,0,895
lineB,drugA,48,0.001,809
lineB,drugA,48,0.003162,886
lineB,drugA,48,0.01,813
lineB,drugA,48,0.03162,748
lineB,drugA,48,0.1,634
lineB,drugA,48,0.3162,521
lineB,drugA,48,1,485
lineB,drugA,48,3.162,488
lineB,drugA,48,10,465
lineB,drugB,48,0.001,796
lineB,drugB,48,0.003162,897
lineB,drugB,48,0.01,890
lineB,drugB,48,0.03162,805
lineB,drugB,48,0.1,721
lineB,drugB,48,0.3162,425
lineB,drugB,48,1,199
lineB,drugB,48,3.162,96
lineB,drugB,48,10,84
lineB,drugC,48,0.001,902
lineB,drugC,48,0.003162,842
lineB,drugC,48,0.01,890
lineB,drugC,48,0.03162,853
lineB,drugC,48,0.1,508
lineB,drugC,48,0.3162,72
lineB,drugC,48,1,43
lineB,drugC,48,3.162,39
lineB,drugC,48,10,40
lineB,drugD,48,0.001,856
lineB,drugD,48,0.003162,841
lineB,drugD,48,0.01,872
lineB,drugD,48,0.03162,795
lineB,drugD,48,0.1,823
lineB,drugD,48,0.3162,759
lineB,drugD,48,1,627
lineB,drugD,48,3.162,648
lineB,drugD,48,10,670
lineB,-,72,0,1259
lineB,-,72,0,1163
lineB,-,72,0,1206
lineB,-,72,0,1155
lineB,-,72,0,1258
lineB,-,72,0,1183
lineB,-,72,0,1313
lineB,-,72,0,1239
lineB,drugA,72,0.001,1396
lineB,drugA,72,0.003162,1267
lineB,drugA,72,0.01,1226
lineB,drugA,72,0.03162,1152
lineB,drugA,72,0.1,784
lineB,drugA,72,0.3162,605
lineB,drugA,72,1,517
lineB,drugA,72,3.162,499
lineB,drugA,72,10,519
lineB,drugB,72,0.001,1241
lineB,drugB,72,0.003162,1329
lineB,drugB,72,0.01,1220
lineB,drugB,72,0.03162,1161
lineB,drugB,72,0.1,1060
lineB,drugB,72,0.3162,610
lineB,drugB,72,1,201
lineB,drugB,72,3.162,62
lineB,drugB,72,10,39
lineB,drugC,72,0.001,1290
lineB,drugC,72,0.003162,1326
lineB,drugC,72,0.01,1196
lineB,drugC,72,0.03162,1216
lineB,drugC,72,0.1,732
lineB,drugC,72,0.3162,67
lineB,drugC,72,1,15
lineB,drugC,72,3.162,13
lineB,drugC,72,10,14
lineB,drugD,72,0.001,1370
lineB,drugD,72,0.003162,1206
lineB,drugD,72,0.01,1268
lineB,drugD,72,0.03162,1272
lineB,drugD,72,0.1,1291
lineB,drugD,72,0.3162,1107
lineB,drugD,72,1,930
lineB,drugD,72,3.162,790
lineB,drugD,72,10,775
lineB,-,72,0,1226
lineB,-,72,0,1155
lineB,-,72,0,1213
lineB,-,72,0,1265
lineB,-,72,0,1204
lineB,-,72,0,1342
lineB,-,72,0,1262
lineB,-,72,0,1257
lineB,drugA,72,0.001,1314
lineB,drugA,72,0.003162,1387
lineB,drugA,72,0.01,1263
lineB,drugA,72,0.03162,1007
lineB,drugA,72,0.1,789
lineB,drugA,72,0.3162,587
lineB,drugA,72,1,540
lineB,drugA,72,3.162,522
lineB,drugA,72,10,478
lineB,drugB,72,0.001,1231
lineB,drugB,72,0.003162,1249
lineB,drugB,72,0.01,1223
lineB,drugB,72,0.03162,1195
lineB,drugB,72,0.1,1050
lineB,drugB,72,0.3162,578
lineB,drugB,72,1,199
lineB,drugB,72,3.162,69
lineB,drugB,72,10,39
lineB,drugC,72,0.001,1189
lineB,drugC,72,0.003162,1252
lineB,drugC,72,0.01,1315
lineB,drugC,72,0.03162,1187
lineB,drugC,72,0.1,772
lineB,drugC,72,0.3162,66
lineB,drugC,72,1,15
lineB,drugC,72,3.162,15
lineB,drugC,72,10,14
lineB,drugD,72,0.001,1222
lineB,drugD,72,0.003162,1285
lineB,drugD,72,0.01,1203
lineB,drugD,72,0.03162,1320
lineB,drugD,72,0.1,1253
lineB,drugD,72,0.3162,1149
lineB,drugD,72,1,879
lineB,drugD,72,3.162,849
lineB,drugD,72,10,784
lineC,-,0,0,481
lineC,-,0,0,479
lineC,-,0,0,505
lineC,-,0,0,521
lineC,-,0,0,482
lineC,-,0,0,455
lineC,-,0,0,467
lineC,-,0,0,509
lineC,-,0,0,502
lineC,-,0,0,476
lineC,-,0,0,513
lineC,-,0,0,480
lineC,-,0,0,497
lineC,-,0,0,541
lineC,-,0,0,474
lineC,-,0,0,508
lineC,-,0,0,513
lineC,-,0,0,485
lineC,-,0,0,470
lineC,-,0,0,526
lineC,-,48,0,1185
lineC,-,48,0,1178
lineC,-,48,0,1146
lineC,-,48,0,1124
lineC,-,48,0,1175
lineC,-,48,0,1098
lineC,-,48,0,1045
lineC,-,48,0,1095
lineC,drugA,48,0.001,1079
lineC,drugA,48,0.003162,1033
lineC,drugA,48,0.01,1006
lineC,drugA,48,0.03162,1009
lineC,drugA,48,0.1,768
lineC,drugA,48,0.3162,569
lineC,drugA,48,1,522
lineC,drugA,48,3.162,489
lineC,drugA,48,10,508
lineC,drugB,48,0.001,1049
lineC,drugB,48,0.003162,1102
lineC,drugB,48,0.01,1135
lineC,drugB,48,0.03162,1145
lineC,drugB,48,0.1,1105
lineC,drugB,48,0.3162,1020
lineC,drugB,48,1,1088
lineC,drugB,48,3.162,1105
lineC,drugB,48,10,1061
lineC,drugC,48,0.001,1144
lineC,drugC,48,0.003162,1091
lineC,drugC,48,0.01,1104
lineC,drugC,48,0.03162,1081
lineC,drugC,48,0.1,967
lineC,drugC,48,0.3162,760
lineC,drugC,48,1,401
lineC,drugC,48,3.162,185
lineC,drugC,48,10,114
lineC,drugD,48,0.001,1227
lineC,drugD,48,0.003162,1040
lineC,drugD,48,0.01,965
lineC,drugD,48,0.03162,728
lineC,drugD,48,0.1,628
lineC,drugD,48,0.3162,475
lineC,drugD,48,1,472
lineC,drugD,48,3.162,446
lineC,drugD,48,10,439
lineC,-,48,0,1212
lineC,-,48,0,1201
lineC,-,48,0,1096
lineC,-,48,0,1094
lineC,-,48,0,1245
lineC,-,48,0,1195
lineC,-,48,0,1206
lineC,-,48,0,1178
lineC,drugA,48,0.001,1045
lineC,drugA,48,0.003162,1189
lineC,drugA,48,0.01,978
lineC,drugA,48,0.03162,996
lineC,drugA,48,0.1,764
lineC,drugA,48,0.3162,609
lineC,drugA,48,1,561
lineC,drugA,48,3.162,490
lineC,drugA,48,10,521
lineC,drugB,48,0.001,1097
lineC,drugB,48,0.003162,1071
lineC,drugB,48,0.01,1095
lineC,drugB,48,0.03162,1126
lineC,drugB,48,0.1,1261
lineC,drugB,48,0.3162,1081
lineC,drugB,48,1,1180
lineC,drugB,48,3.162,1182
lineC,drugB,48,10,1172
lineC,drugC,48,0.001,1070
lineC,drugC,48,0.003162,1177
lineC,drugC,48,0.01,1084
lineC,drugC,48,0.03162,1111
lineC,drugC,48,0.1,908
lineC,drugC,48,0.3162,710
lineC,drugC,48,1,413
lineC,drugC,48,3.162,181
lineC,drugC,48,10,102
lineC,drugD,48,0.001,1138
lineC,drugD,48,0.003162,1078
lineC,drugD,48,0.01,944
lineC,drugD,48,0.03162,717
lineC,drugD,48,0.1,626
lineC,drugD,48,0.3162,523
lineC,drugD,48,1,519
lineC,drugD,48,3.162,486
lineC,drugD,48,10,442
lineC,-,48,0,1077
lineC,-,48,0,1029
lineC,-,48,0,1150
lineC,-,48,0,1112
lineC,-,48,0,1074
lineC,-,48,0,1134
lineC,-,48,0,1088
lineC,-,48,0,1141
lineC,drugA,48,0.001,1057
lineC,drugA,48,0.003162,1139
lineC,drugA,48,0.01,1026
lineC,drugA,48,0.03162,952
lineC,drugA,48,0.1,734
lineC,drugA,48,0.3162,649
lineC,drugA,48,1,553
lineC,drugA,48,3.162,526
lineC,drugA,48,10,532
lineC,drugB,48,0.001,1125
lineC,drugB,48,0.003162,1201
lineC,drugB,48,0.01,1102
lineC,drugB,48,0.03162,1116
lineC,drugB,48,0.1,1051
lineC,drugB,48,0.3162,1065
lineC,drugB,48,1,1124
lineC,drugB,48,3.162,1090
lineC,drugB,48,10,1075
lineC,drugC,48,0.001,1181
lineC,drugC,48,0.003162,1071
lineC,drugC,48,0.01,1173
lineC,drugC,48,0.03162,1085
lineC,drugC,48,0.1,967
lineC,drugC,48,0.3162,677
lineC,drugC,48,1,423
lineC,drugC,48,3.162,187
lineC,drugC,48,10,105
lineC,drugD,48,0.001,1224
lineC,drugD,48,0.003162,1048
lineC,drugD,48,0.01,922
lineC,drugD,48,0.03162,702
lineC,drugD,48,0.1,556
lineC,drugD,48,0.3162,465
lineC,drugD,48,1,476
lineC,drugD,48,3.162,448
lineC,drugD,48,10,443
lineC,-,72,0,1678
lineC,-,72,0,1742
lineC,-,72,0,1823
lineC,-,72,0,1691
lineC,-,72,0,1808
lineC,-,72,0,1870
lineC,-,72,0,1887
lineC,-,72,0,1604
lineC,drugA,72,0.001,1710
lineC,drugA,72,0.003162,1796
lineC,drugA,72,0.01,1691
lineC,drugA,72,0.03162,1343
lineC,drugA,72,0.1,1082
lineC,drugA,72,0.3162,773
lineC,drugA,72,1,585
lineC,drugA,72,3.162,581
lineC,drugA,72,10,510
lineC,drugB,72,0.001,1741
lineC,drugB,72,0.003162,1762
lineC,drugB,72,0.01,1632
lineC,drugB,72,0.03162,1766
lineC,drugB,72,0.1,1730
lineC,drugB,72,0.3162,1723
lineC,drugB,72,1,1837
lineC,drugB,72,3.162,1757
lineC,drugB,72,10,1663
lineC,drugC,72,0.001,1765
lineC,drugC,72,0.003162,1720
lineC,drugC,72,0.01,1609
lineC,drugC,72,0.03162,1724
lineC,drugC,72,0.1,1513
lineC,drugC,72,0.3162,1087
lineC,drugC,72,1,549
lineC,drugC,72,3.162,217
lineC,drugC,72,10,72
lineC,drugD,72,0.001,1676
lineC,drugD,72,0.003162,1512
lineC,drugD,72,0.01,1288
lineC,drugD,72,0.03162,1029
lineC,drugD,72,0.1,648
lineC,drugD,72,0.3162,510
lineC,drugD,72,1,451
lineC,drugD,72,3.162,420
lineC,drugD,72,10,475
lineC,-,72,0,1799
lineC,-,72,0,1685
lineC,-,72,0,1680
lineC,-,72,0,1681
lineC,-,72,0,1665
lineC,-,72,0,1717
lineC,-,72,0,1887
lineC,-,72,0,1859
lineC,drugA,72,0.001,1740
lineC,drugA,72,0.003162,1744
lineC,drugA,72,0.01,1707
lineC,drugA,72,0.03162,1386
lineC,drugA,72,0.1,1064
lineC,drugA,72,0.3162,698
lineC,drugA,72,1,597
lineC,drugA,72,3.162,532
lineC,drugA,72,10,493
lineC,drugB,72,0.001,1715
lineC,drugB,72,0.003162,1707
lineC,drugB,72,0.01,1664
lineC,drugB,72,0.03162,1678
lineC,drugB,72,0.1,1642
lineC,drugB,72,0.3162,1779
lineC,drugB,72,1,1751
lineC,drugB,72,3.162,1663
lineC,drugB,72,10,1663
lineC,drugC,72,0.001,1625
lineC,drugC,72,0.003162,1712
lineC,drugC,72,0.01,1763
lineC,drugC,72,0.03162,1603
lineC,drugC,72,0.1,1459
lineC,drugC,72,0.3162,1155
lineC,drugC,72,1,502
lineC,drugC,72,3.162,201
lineC,drugC,72,10,81
lineC,drugD,72,0.001,1776
lineC,drugD,72,0.003162,1594
lineC,drugD,72,0.01,1402
lineC,drugD,72,0.03162,933
lineC,drugD,72,0.1,675
lineC,drugD,72,0.3162,517
lineC,drugD,72,1,468
lineC,drugD,72,3.162,467
lineC,drugD,72,10,446
lineC,-,72,0,1823
lineC,-,72,0,1664
lineC,-,72,0,1715
lineC,-,72,0,1700
lineC,-,72,0,1674
lineC,-,72,0,1749
lineC,-,72,0,1883
lineC,-,72,0,1716
lineC,drugA,72,0.001,1806
lineC,drugA,72,0.003162,1743
lineC,drugA,72,0.01,1462
lineC,drugA,72,0.03162,1412
lineC,drugA,72,0.1,1024
lineC,drugA,72,0.3162,710
lineC,drugA,72,1,549
lineC,drugA,72,3.162,557
lineC,drugA,72,10,522
lineC,drugB,72,0.001,1688
lineC,drugB,72,0.003162,1665
lineC,drugB,72,0.01,1595
lineC,drugB,72,0.03162,1786
lineC,drugB,72,0.1,1568
lineC,drugB,72,0.3162,1535
lineC,drugB,72,1,1619
lineC,drugB,72,3.162,1620
lineC,drugB,72,10,1770
lineC,drugC,72,0.001,1682
lineC,drugC,72,0.003162,1587
lineC,drugC,72,0.01,1659
lineC,drugC,72,0.03162,1806
lineC,drugC,72,0.1,1417
lineC,drugC,72,0.3162,1071
lineC,drugC,72,1,545
lineC,drugC,72,3.162,219
lineC,drugC,72,10,88
lineC,drugD,72,0.001,1709
lineC,drugD,72,0.003162,1568
lineC,drugD,72,0.01,1413
lineC,drugD,72,0.03162,886
lineC,drugD,72,0.1,635
lineC,drugD,72,0.3162,468
lineC,drugD,72,1,464
lineC,drugD,72,3.162,431
lineC,drugD,72,10,475
lineC,-,0,0,480
lineC,-,0,0,515
lineC,-,0,0,508
lineC,-,0,0,520
lineC,-,0,0,504
lineC,-,0,0,512
lineC,-,0,0,485
lineC,-,0,0,504
lineC,-,0,0,500
lineC,-,0,0,538
lineC,-,0,0,494
lineC,-,0,0,472
lineC,-,0,0,479
lineC,-,0,0,529
lineC,-,0,0,528
lineC,-,0,0,454
lineC,-,0,0,510
lineC,-,0,0,480
lineC,-,0,0,480
lineC,-,0,0,473
lineC,-,48,0,880
lineC,-,48,0,812
lineC,-,48,0,882
lineC,-,48,0,848
lineC,-,48,0,914
lineC,-,48,0,848
lineC,-,48,0,877
lineC,-,48,0,787
lineC,drugA,48,0.001,853
lineC,drugA,48,0.003162,824
lineC,drugA,48,0.01,816
lineC,drugA,48,0.03162,763
lineC,drugA,48,0.1,688
lineC,drugA,48,0.3162,554
lineC,drugA,48,1,490
lineC,drugA,48,3.162,507
lineC,drugA,48,10,554
lineC,drugB,48,0.001,787
lineC,drugB,48,0.003162,846
lineC,drugB,48,0.01,828
lineC,drugB,48,0.03162,882
lineC,drugB,48,0.1,800
lineC,drugB,48,0.3162,830
lineC,drugB,48,1,854
lineC,drugB,48,3.162,907
lineC,drugB,48,10,934
lineC,drugC,48,0.001,894
lineC,drugC,48,0.003162,890
lineC,drugC,48,0.01,811
lineC,drugC,48,0.03162,864
lineC,drugC,48,0.1,734
lineC,drugC,48,0.3162,595
lineC,drugC,48,1,348
lineC,drugC,48,3.162,197
lineC,drugC,48,10,166
lineC,drugD,48,0.001,873
lineC,drugD,48,0.003162,845
lineC,drugD,48,0.01,750
lineC,drugD,48,0.03162,628
lineC,drugD,48,0.1,536
lineC,drugD,48,0.3162,499
lineC,drugD,48,1,536
lineC,drugD,48,3.162,482
lineC,drugD,48,10,482
lineC,-,48,0,817
lineC,-,48,0,811
lineC,-,48,0,866
lineC,-,48,0,877
lineC,-,48,0,943
lineC,-,48,0,866
lineC,-,48,0,866
lineC,-,48,0,952
lineC,drugA,48,0.001,849
lineC,drugA,48,0.003162,806
lineC,drugA,48,0.01,855
lineC,drugA,48,0.03162,811
lineC,drugA,48,0.1,692
lineC,drugA,48,0.3162,576
lineC,drugA,48,1,509
lineC,drugA,48,3.162,509
lineC,drugA,48,10,554
lineC,drugB,48,0.001,805
lineC,drugB,48,0.003162,881
lineC,drugB,48,0.01,927
lineC,drugB,48,0.03162,914
lineC,drugB,48,0.1,878
lineC,drugB,48,0.3162,892
lineC,drugB,48,1,818
lineC,drugB,48,3.162,856
lineC,drugB,48,10,880
lineC,drugC,48,0.001,897
lineC,drugC,48,0.003162,882
lineC,drugC,48,0.01,872
lineC,drugC,48,0.03162,844
lineC,drugC,48,0.1,733
lineC,drugC,48,0.3162,601
lineC,drugC,48,1,339
lineC,drugC,48,3.162,203
lineC,drugC,48,10,150
lineC,drugD,48,0.001,865
lineC,drugD,48,0.003162,849
lineC,drugD,48,0.01,743
lineC,drugD,48,0.03162,581
lineC,drugD,48,0.1,534
lineC,drugD,48,0.3162,503
lineC,drugD,48,1,498
lineC,drugD,48,3.162,443
lineC,drugD,48,10,478
lineC,-,48,0,809
lineC,-,48,0,867
lineC,-,48,0,894
lineC,-,48,0,845
lineC,-,48,0,939
lineC,-,48,0,900
lineC,-,48,0,898
lineC,-,48,0,843
lineC,drugA,48,0.001,814
lineC,drugA,48,0.003162,941
lineC,drugA,48,0.01,854
lineC,drugA,48,0.03162,781
lineC,drugA,48,0.1,706
lineC,drugA,48,0.3162,543
lineC,drugA,48,1,512
lineC,drugA,48,3.162,525
lineC,drugA,48,10,528
lineC,drugB,48,0.001,897
lineC,drugB,48,0.003162,851
lineC,drugB,48,0.01,952
lineC,drugB,48,0.03162,850
lineC,drugB,48,0.1,876
lineC,drugB,48,0.3162,812
lineC,drugB,48,1,855
lineC,drugB,48,3.162,908
lineC,drugB,48,10,924
lineC,drugC,48,0.001,786
lineC,drugC,48,0.003162,808
lineC,drugC,48,0.01,821
lineC,drugC,48,0.03162,890
lineC,drugC,48,0.1,776
lineC,drugC,48,0.3162,608
lineC,drugC,48,1,351
lineC,drugC,48,3.162,198
lineC,drugC,48,10,153
lineC,drugD,48,0.001,925
lineC,drugD,48,0.003162,898
lineC,drugD,48,0.01,710
lineC,drugD,48,0.03162,624
lineC,drugD,48,0.1,516
lineC,drugD,48,0.3162,500
lineC,drugD,48,1,502
lineC,drugD,48,3.162,481
lineC,drugD,48,10,456
lineC,-,72,0,1053
lineC,-,72,0,1115
lineC,-,72,0,1181
lineC,-,72,0,1039
lineC,-,72,0,1233
lineC,-,72,0,1162
lineC,-,72,0,1127
lineC,-,72,0,1103
lineC,drugA,72,0.001,1216
lineC,drugA,72,0.003162,1025
lineC,drugA,72,0.01,1040
lineC,drugA,72,0.03162,994
lineC,drugA,72,0.1,850
lineC,drugA,72,0.3162,620
lineC,drugA,72,1,577
lineC,drugA,72,3.162,491
lineC,drugA,72,10,536
lineC,drugB,72,0.001,1074
lineC,drugB,72,0.003162,1192
lineC,drugB,72,0.01,1097
lineC,drugB,72,0.03162,1242
lineC,drugB,72,0.1,1077
lineC,drugB,72,0.3162,1077
lineC,drugB,72,1,1115
lineC,drugB,72,3.162,1092
lineC,drugB,72,10,1051
lineC,drugC,72,0.001,1182
lineC,drugC,72,0.003162,1057
lineC,drugC,72,0.01,1082
lineC,drugC,72,0.03162,1087
lineC,drugC,72,0.1,953
lineC,drugC,72,0.3162,768
lineC,drugC,72,1,415
lineC,drugC,72,3.162,175
lineC,drugC,72,10,104
lineC,drugD,72,0.001,1196
lineC,drugD,72,0.003162,1112
lineC,drugD,72,0.01,954
lineC,drugD,72,0.03162,808
lineC,drugD,72,0.1,631
lineC,drugD,72,0.3162,516
lineC,drugD,72,1,462
lineC,drugD,72,3.162,449
lineC,drugD,72,10,516
lineC,-,72,0,1159
lineC,-,72,0,1129
lineC,-,72,0,1163
lineC,-,72,0,1053
lineC,-,72,0,1187
lineC,-,72,0,1103
lineC,-,72,0,1043
lineC,-,72,0,1232
lineC,drugA,72,0.001,1046
lineC,drugA,72,0.003162,1139
lineC,drugA,72,0.01,1089
lineC,drugA,72,0.03162,1041
lineC,drugA,72,0.1,728
lineC,drugA,72,0.3162,583
lineC,drugA,72,1,526
lineC,drugA,72,3.162,510
lineC,drugA,72,10,491
lineC,drugB,72,0.001,1060
lineC,drugB,72,0.003162,1116
lineC,drugB,72,0.01,1121
lineC,drugB,72,0.03162,1031
lineC,drugB,72,0.1,1217
lineC,drugB,72,0.3162,1022
lineC,drugB,72,1,1111
lineC,drugB,72,3.162,1206
lineC,drugB,72,10,1118
lineC,drugC,72,0.001,1102
lineC,drugC,72,0.003162,1135
lineC,drugC,72,0.01,1136
lineC,drugC,72,0.03162,1147
lineC,drugC,72,0.1,1035
lineC,drugC,72,0.3162,732
lineC,drugC,72,1,402
lineC,drugC,72,3.162,183
lineC,drugC,72,10,102
lineC,drugD,72,0.001,1108
lineC,drugD,72,0.003162,1108
lineC,drugD,72,0.01,974
lineC,drugD,72,0.03162,763
lineC,drugD,72,0.1,524
lineC,drugD,72,0.3162,497
lineC,drugD,72,1,504
lineC,drugD,72,3.162,525
lineC,drugD,72,10,436
lineC,-,72,0,1154
lineC,-,72,0,1091
lineC,-,72,0,1150
lineC,-,72,0,1112
lineC,-,72,0,1142
lineC,-,72,0,1139
lineC,-,72,0,1141
lineC,-,72,0,1171
lineC,drugA,72,0.001,1130
lineC,drugA,72,0.003162,1225
lineC,drugA,72,0.01,1066
lineC,drugA,72,0.03162,1015
lineC,drugA,72,0.1,803
lineC,drugA,72,0.3162,664
lineC,drugA,72,1,497
lineC,drugA,72,3.162,506
lineC,drugA,72,10,512
lineC,drugB,72,0.001,1092
lineC,drugB,72,0.003162,1125
lineC,drugB,72,0.01,1187
lineC,drugB,72,0.03162,1190
lineC,drugB,72,0.1,1131
lineC,drugB,72,0.3162,1154
lineC,drugB,72,1,1200
lineC,drugB,72,3.162,1105
lineC,drugB,72,10,1081
lineC,drugC,72,0.001,1203
lineC,drugC,72,0.003162,1222
lineC,drugC,72,0.01,1068
lineC,drugC,72,0.03162,1200
lineC,drugC,72,0.1,1058
lineC,drugC,72,0.3162,810
lineC,drugC,72,1,416
lineC,drugC,72,3.162,195
lineC,drugC,72,10,108
lineC,drugD,72,0.001,1156
lineC,drugD,72,0.003162,1112
lineC,drugD,72,0.01,983
lineC,drugD,72,0.03162,754
lineC,drugD,72,0.1,559
lineC,drugD,72,0.3162,490
lineC,drugD,72,1,440
lineC,drugD,72,3.162,506
lineC,drugD,72,10,506